<?xml version="1.0" encoding="UTF-8"?>
<root>
  <item name="com.google.android.exoplayer2.decoder.DecoderReuseEvaluation DecoderReuseEvaluation(java.lang.String, com.google.android.exoplayer2.Format, com.google.android.exoplayer2.Format, int, int) 3">
    <annotation name="androidx.annotation.IntDef">
      <val name="value" val="{com.google.android.exoplayer2.decoder.DecoderReuseEvaluation.REUSE_RESULT_NO, com.google.android.exoplayer2.decoder.DecoderReuseEvaluation.REUSE_RESULT_YES_WITH_FLUSH, com.google.android.exoplayer2.decoder.DecoderReuseEvaluation.REUSE_RESULT_YES_WITH_RECONFIGURATION, com.google.android.exoplayer2.decoder.DecoderReuseEvaluation.REUSE_RESULT_YES_WITHOUT_RECONFIGURATION}" />
    </annotation>
  </item>
  <item name="com.google.android.exoplayer2.decoder.DecoderReuseEvaluation DecoderReuseEvaluation(java.lang.String, com.google.android.exoplayer2.Format, com.google.android.exoplayer2.Format, int, int) 4">
    <annotation name="androidx.annotation.IntDef">
      <val name="flag" val="true" />
      <val name="value" val="{com.google.android.exoplayer2.decoder.DecoderReuseEvaluation.DISCARD_REASON_REUSE_NOT_IMPLEMENTED, com.google.android.exoplayer2.decoder.DecoderReuseEvaluation.DISCARD_REASON_WORKAROUND, com.google.android.exoplayer2.decoder.DecoderReuseEvaluation.DISCARD_REASON_APP_OVERRIDE, com.google.android.exoplayer2.decoder.DecoderReuseEvaluation.DISCARD_REASON_MIME_TYPE_CHANGED, com.google.android.exoplayer2.decoder.DecoderReuseEvaluation.DISCARD_REASON_OPERATING_RATE_CHANGED, com.google.android.exoplayer2.decoder.DecoderReuseEvaluation.DISCARD_REASON_INITIALIZATION_DATA_CHANGED, com.google.android.exoplayer2.decoder.DecoderReuseEvaluation.DISCARD_REASON_DRM_SESSION_CHANGED, com.google.android.exoplayer2.decoder.DecoderReuseEvaluation.DISCARD_REASON_MAX_INPUT_SIZE_EXCEEDED, com.google.android.exoplayer2.decoder.DecoderReuseEvaluation.DISCARD_REASON_VIDEO_MAX_RESOLUTION_EXCEEDED, com.google.android.exoplayer2.decoder.DecoderReuseEvaluation.DISCARD_REASON_VIDEO_RESOLUTION_CHANGED, com.google.android.exoplayer2.decoder.DecoderReuseEvaluation.DISCARD_REASON_VIDEO_ROTATION_CHANGED, com.google.android.exoplayer2.decoder.DecoderReuseEvaluation.DISCARD_REASON_VIDEO_COLOR_INFO_CHANGED, com.google.android.exoplayer2.decoder.DecoderReuseEvaluation.DISCARD_REASON_AUDIO_CHANNEL_COUNT_CHANGED, com.google.android.exoplayer2.decoder.DecoderReuseEvaluation.DISCARD_REASON_AUDIO_SAMPLE_RATE_CHANGED, com.google.android.exoplayer2.decoder.DecoderReuseEvaluation.DISCARD_REASON_AUDIO_ENCODING_CHANGED, com.google.android.exoplayer2.decoder.DecoderReuseEvaluation.DISCARD_REASON_AUDIO_BYPASS_POSSIBLE}" />
    </annotation>
  </item>
  <item name="com.google.android.exoplayer2.decoder.DecoderReuseEvaluation discardReasons">
    <annotation name="androidx.annotation.IntDef">
      <val name="flag" val="true" />
      <val name="value" val="{com.google.android.exoplayer2.decoder.DecoderReuseEvaluation.DISCARD_REASON_REUSE_NOT_IMPLEMENTED, com.google.android.exoplayer2.decoder.DecoderReuseEvaluation.DISCARD_REASON_WORKAROUND, com.google.android.exoplayer2.decoder.DecoderReuseEvaluation.DISCARD_REASON_APP_OVERRIDE, com.google.android.exoplayer2.decoder.DecoderReuseEvaluation.DISCARD_REASON_MIME_TYPE_CHANGED, com.google.android.exoplayer2.decoder.DecoderReuseEvaluation.DISCARD_REASON_OPERATING_RATE_CHANGED, com.google.android.exoplayer2.decoder.DecoderReuseEvaluation.DISCARD_REASON_INITIALIZATION_DATA_CHANGED, com.google.android.exoplayer2.decoder.DecoderReuseEvaluation.DISCARD_REASON_DRM_SESSION_CHANGED, com.google.android.exoplayer2.decoder.DecoderReuseEvaluation.DISCARD_REASON_MAX_INPUT_SIZE_EXCEEDED, com.google.android.exoplayer2.decoder.DecoderReuseEvaluation.DISCARD_REASON_VIDEO_MAX_RESOLUTION_EXCEEDED, com.google.android.exoplayer2.decoder.DecoderReuseEvaluation.DISCARD_REASON_VIDEO_RESOLUTION_CHANGED, com.google.android.exoplayer2.decoder.DecoderReuseEvaluation.DISCARD_REASON_VIDEO_ROTATION_CHANGED, com.google.android.exoplayer2.decoder.DecoderReuseEvaluation.DISCARD_REASON_VIDEO_COLOR_INFO_CHANGED, com.google.android.exoplayer2.decoder.DecoderReuseEvaluation.DISCARD_REASON_AUDIO_CHANNEL_COUNT_CHANGED, com.google.android.exoplayer2.decoder.DecoderReuseEvaluation.DISCARD_REASON_AUDIO_SAMPLE_RATE_CHANGED, com.google.android.exoplayer2.decoder.DecoderReuseEvaluation.DISCARD_REASON_AUDIO_ENCODING_CHANGED, com.google.android.exoplayer2.decoder.DecoderReuseEvaluation.DISCARD_REASON_AUDIO_BYPASS_POSSIBLE}" />
    </annotation>
  </item>
  <item name="com.google.android.exoplayer2.decoder.DecoderReuseEvaluation result">
    <annotation name="androidx.annotation.IntDef">
      <val name="value" val="{com.google.android.exoplayer2.decoder.DecoderReuseEvaluation.REUSE_RESULT_NO, com.google.android.exoplayer2.decoder.DecoderReuseEvaluation.REUSE_RESULT_YES_WITH_FLUSH, com.google.android.exoplayer2.decoder.DecoderReuseEvaluation.REUSE_RESULT_YES_WITH_RECONFIGURATION, com.google.android.exoplayer2.decoder.DecoderReuseEvaluation.REUSE_RESULT_YES_WITHOUT_RECONFIGURATION}" />
    </annotation>
  </item>
  <item name="com.google.android.exoplayer2.decoder.DecoderReuseEvaluation.DecoderDiscardReasons">
    <annotation name="androidx.annotation.IntDef">
      <val name="flag" val="true" />
      <val name="value" val="{com.google.android.exoplayer2.decoder.DecoderReuseEvaluation.DISCARD_REASON_REUSE_NOT_IMPLEMENTED, com.google.android.exoplayer2.decoder.DecoderReuseEvaluation.DISCARD_REASON_WORKAROUND, com.google.android.exoplayer2.decoder.DecoderReuseEvaluation.DISCARD_REASON_APP_OVERRIDE, com.google.android.exoplayer2.decoder.DecoderReuseEvaluation.DISCARD_REASON_MIME_TYPE_CHANGED, com.google.android.exoplayer2.decoder.DecoderReuseEvaluation.DISCARD_REASON_OPERATING_RATE_CHANGED, com.google.android.exoplayer2.decoder.DecoderReuseEvaluation.DISCARD_REASON_INITIALIZATION_DATA_CHANGED, com.google.android.exoplayer2.decoder.DecoderReuseEvaluation.DISCARD_REASON_DRM_SESSION_CHANGED, com.google.android.exoplayer2.decoder.DecoderReuseEvaluation.DISCARD_REASON_MAX_INPUT_SIZE_EXCEEDED, com.google.android.exoplayer2.decoder.DecoderReuseEvaluation.DISCARD_REASON_VIDEO_MAX_RESOLUTION_EXCEEDED, com.google.android.exoplayer2.decoder.DecoderReuseEvaluation.DISCARD_REASON_VIDEO_RESOLUTION_CHANGED, com.google.android.exoplayer2.decoder.DecoderReuseEvaluation.DISCARD_REASON_VIDEO_ROTATION_CHANGED, com.google.android.exoplayer2.decoder.DecoderReuseEvaluation.DISCARD_REASON_VIDEO_COLOR_INFO_CHANGED, com.google.android.exoplayer2.decoder.DecoderReuseEvaluation.DISCARD_REASON_AUDIO_CHANNEL_COUNT_CHANGED, com.google.android.exoplayer2.decoder.DecoderReuseEvaluation.DISCARD_REASON_AUDIO_SAMPLE_RATE_CHANGED, com.google.android.exoplayer2.decoder.DecoderReuseEvaluation.DISCARD_REASON_AUDIO_ENCODING_CHANGED, com.google.android.exoplayer2.decoder.DecoderReuseEvaluation.DISCARD_REASON_AUDIO_BYPASS_POSSIBLE}" />
    </annotation>
  </item>
  <item name="com.google.android.exoplayer2.decoder.DecoderReuseEvaluation.DecoderReuseResult">
    <annotation name="androidx.annotation.IntDef">
      <val name="value" val="{com.google.android.exoplayer2.decoder.DecoderReuseEvaluation.REUSE_RESULT_NO, com.google.android.exoplayer2.decoder.DecoderReuseEvaluation.REUSE_RESULT_YES_WITH_FLUSH, com.google.android.exoplayer2.decoder.DecoderReuseEvaluation.REUSE_RESULT_YES_WITH_RECONFIGURATION, com.google.android.exoplayer2.decoder.DecoderReuseEvaluation.REUSE_RESULT_YES_WITHOUT_RECONFIGURATION}" />
    </annotation>
  </item>
</root>

