<?xml version="1.0" encoding="UTF-8"?>
<root>
  <item name="com.google.android.exoplayer2.upstream.CmcdConfiguration.CmcdKey">
    <annotation name="androidx.annotation.StringDef">
      <val name="value" val="{com.google.android.exoplayer2.upstream.CmcdConfiguration.KEY_BITRATE, com.google.android.exoplayer2.upstream.CmcdConfiguration.KEY_BUFFER_LENGTH, com.google.android.exoplayer2.upstream.CmcdConfiguration.KEY_CONTENT_ID, com.google.android.exoplayer2.upstream.CmcdConfiguration.KEY_SESSION_ID, com.google.android.exoplayer2.upstream.CmcdConfiguration.KEY_MAXIMUM_REQUESTED_BITRATE, com.google.android.exoplayer2.upstream.CmcdConfiguration.KEY_STREAMING_FORMAT, com.google.android.exoplayer2.upstream.CmcdConfiguration.KEY_STREAM_TYPE, com.google.android.exoplayer2.upstream.CmcdConfiguration.KEY_VERSION, com.google.android.exoplayer2.upstream.CmcdConfiguration.KEY_TOP_BITRATE, com.google.android.exoplayer2.upstream.CmcdConfiguration.KEY_OBJECT_DURATION, com.google.android.exoplayer2.upstream.CmcdConfiguration.KEY_MEASURED_THROUGHPUT, com.google.android.exoplayer2.upstream.CmcdConfiguration.KEY_OBJECT_TYPE}" />
    </annotation>
  </item>
  <item name="com.google.android.exoplayer2.upstream.CmcdConfiguration.HeaderKey">
    <annotation name="androidx.annotation.StringDef">
      <val name="value" val="{com.google.android.exoplayer2.upstream.CmcdConfiguration.KEY_CMCD_OBJECT, com.google.android.exoplayer2.upstream.CmcdConfiguration.KEY_CMCD_REQUEST, com.google.android.exoplayer2.upstream.CmcdConfiguration.KEY_CMCD_SESSION, com.google.android.exoplayer2.upstream.CmcdConfiguration.KEY_CMCD_STATUS}" />
    </annotation>
  </item>
  <item name="com.google.android.exoplayer2.upstream.CmcdConfiguration.RequestConfig boolean isKeyAllowed(java.lang.String) 0">
    <annotation name="androidx.annotation.StringDef">
      <val name="value" val="{com.google.android.exoplayer2.upstream.CmcdConfiguration.KEY_BITRATE, com.google.android.exoplayer2.upstream.CmcdConfiguration.KEY_BUFFER_LENGTH, com.google.android.exoplayer2.upstream.CmcdConfiguration.KEY_CONTENT_ID, com.google.android.exoplayer2.upstream.CmcdConfiguration.KEY_SESSION_ID, com.google.android.exoplayer2.upstream.CmcdConfiguration.KEY_MAXIMUM_REQUESTED_BITRATE, com.google.android.exoplayer2.upstream.CmcdConfiguration.KEY_STREAMING_FORMAT, com.google.android.exoplayer2.upstream.CmcdConfiguration.KEY_STREAM_TYPE, com.google.android.exoplayer2.upstream.CmcdConfiguration.KEY_VERSION, com.google.android.exoplayer2.upstream.CmcdConfiguration.KEY_TOP_BITRATE, com.google.android.exoplayer2.upstream.CmcdConfiguration.KEY_OBJECT_DURATION, com.google.android.exoplayer2.upstream.CmcdConfiguration.KEY_MEASURED_THROUGHPUT, com.google.android.exoplayer2.upstream.CmcdConfiguration.KEY_OBJECT_TYPE}" />
    </annotation>
  </item>
  <item name="com.google.android.exoplayer2.upstream.CmcdHeadersFactory CmcdHeadersFactory(com.google.android.exoplayer2.upstream.CmcdConfiguration, com.google.android.exoplayer2.trackselection.ExoTrackSelection, long, java.lang.String, boolean) 3">
    <annotation name="androidx.annotation.StringDef">
      <val name="value" val="{com.google.android.exoplayer2.upstream.CmcdHeadersFactory.STREAMING_FORMAT_DASH, com.google.android.exoplayer2.upstream.CmcdHeadersFactory.STREAMING_FORMAT_HLS, com.google.android.exoplayer2.upstream.CmcdHeadersFactory.STREAMING_FORMAT_SS}" />
    </annotation>
  </item>
  <item name="com.google.android.exoplayer2.upstream.CmcdHeadersFactory com.google.android.exoplayer2.upstream.CmcdHeadersFactory setObjectType(java.lang.String) 0">
    <annotation name="androidx.annotation.StringDef">
      <val name="value" val="{com.google.android.exoplayer2.upstream.CmcdHeadersFactory.OBJECT_TYPE_INIT_SEGMENT, com.google.android.exoplayer2.upstream.CmcdHeadersFactory.OBJECT_TYPE_AUDIO_ONLY, com.google.android.exoplayer2.upstream.CmcdHeadersFactory.OBJECT_TYPE_VIDEO_ONLY, com.google.android.exoplayer2.upstream.CmcdHeadersFactory.OBJECT_TYPE_MUXED_AUDIO_AND_VIDEO}" />
    </annotation>
  </item>
  <item name="com.google.android.exoplayer2.upstream.CmcdHeadersFactory java.lang.String getObjectType(com.google.android.exoplayer2.trackselection.ExoTrackSelection)">
    <annotation name="androidx.annotation.StringDef">
      <val name="value" val="{com.google.android.exoplayer2.upstream.CmcdHeadersFactory.OBJECT_TYPE_INIT_SEGMENT, com.google.android.exoplayer2.upstream.CmcdHeadersFactory.OBJECT_TYPE_AUDIO_ONLY, com.google.android.exoplayer2.upstream.CmcdHeadersFactory.OBJECT_TYPE_VIDEO_ONLY, com.google.android.exoplayer2.upstream.CmcdHeadersFactory.OBJECT_TYPE_MUXED_AUDIO_AND_VIDEO}" />
    </annotation>
  </item>
  <item name="com.google.android.exoplayer2.upstream.CmcdHeadersFactory objectType">
    <annotation name="androidx.annotation.StringDef">
      <val name="value" val="{com.google.android.exoplayer2.upstream.CmcdHeadersFactory.OBJECT_TYPE_INIT_SEGMENT, com.google.android.exoplayer2.upstream.CmcdHeadersFactory.OBJECT_TYPE_AUDIO_ONLY, com.google.android.exoplayer2.upstream.CmcdHeadersFactory.OBJECT_TYPE_VIDEO_ONLY, com.google.android.exoplayer2.upstream.CmcdHeadersFactory.OBJECT_TYPE_MUXED_AUDIO_AND_VIDEO}" />
    </annotation>
  </item>
  <item name="com.google.android.exoplayer2.upstream.CmcdHeadersFactory streamingFormat">
    <annotation name="androidx.annotation.StringDef">
      <val name="value" val="{com.google.android.exoplayer2.upstream.CmcdHeadersFactory.STREAMING_FORMAT_DASH, com.google.android.exoplayer2.upstream.CmcdHeadersFactory.STREAMING_FORMAT_HLS, com.google.android.exoplayer2.upstream.CmcdHeadersFactory.STREAMING_FORMAT_SS}" />
    </annotation>
  </item>
  <item name="com.google.android.exoplayer2.upstream.CmcdHeadersFactory.CmcdObject objectType">
    <annotation name="androidx.annotation.StringDef">
      <val name="value" val="{com.google.android.exoplayer2.upstream.CmcdHeadersFactory.OBJECT_TYPE_INIT_SEGMENT, com.google.android.exoplayer2.upstream.CmcdHeadersFactory.OBJECT_TYPE_AUDIO_ONLY, com.google.android.exoplayer2.upstream.CmcdHeadersFactory.OBJECT_TYPE_VIDEO_ONLY, com.google.android.exoplayer2.upstream.CmcdHeadersFactory.OBJECT_TYPE_MUXED_AUDIO_AND_VIDEO}" />
    </annotation>
  </item>
  <item name="com.google.android.exoplayer2.upstream.CmcdHeadersFactory.CmcdObject.Builder com.google.android.exoplayer2.upstream.CmcdHeadersFactory.CmcdObject.Builder setObjectType(java.lang.String) 0">
    <annotation name="androidx.annotation.StringDef">
      <val name="value" val="{com.google.android.exoplayer2.upstream.CmcdHeadersFactory.OBJECT_TYPE_INIT_SEGMENT, com.google.android.exoplayer2.upstream.CmcdHeadersFactory.OBJECT_TYPE_AUDIO_ONLY, com.google.android.exoplayer2.upstream.CmcdHeadersFactory.OBJECT_TYPE_VIDEO_ONLY, com.google.android.exoplayer2.upstream.CmcdHeadersFactory.OBJECT_TYPE_MUXED_AUDIO_AND_VIDEO}" />
    </annotation>
  </item>
  <item name="com.google.android.exoplayer2.upstream.CmcdHeadersFactory.CmcdObject.Builder objectType">
    <annotation name="androidx.annotation.StringDef">
      <val name="value" val="{com.google.android.exoplayer2.upstream.CmcdHeadersFactory.OBJECT_TYPE_INIT_SEGMENT, com.google.android.exoplayer2.upstream.CmcdHeadersFactory.OBJECT_TYPE_AUDIO_ONLY, com.google.android.exoplayer2.upstream.CmcdHeadersFactory.OBJECT_TYPE_VIDEO_ONLY, com.google.android.exoplayer2.upstream.CmcdHeadersFactory.OBJECT_TYPE_MUXED_AUDIO_AND_VIDEO}" />
    </annotation>
  </item>
  <item name="com.google.android.exoplayer2.upstream.CmcdHeadersFactory.CmcdSession streamType">
    <annotation name="androidx.annotation.StringDef">
      <val name="value" val="{com.google.android.exoplayer2.upstream.CmcdHeadersFactory.STREAM_TYPE_VOD, com.google.android.exoplayer2.upstream.CmcdHeadersFactory.STREAM_TYPE_LIVE}" />
    </annotation>
  </item>
  <item name="com.google.android.exoplayer2.upstream.CmcdHeadersFactory.CmcdSession streamingFormat">
    <annotation name="androidx.annotation.StringDef">
      <val name="value" val="{com.google.android.exoplayer2.upstream.CmcdHeadersFactory.STREAMING_FORMAT_DASH, com.google.android.exoplayer2.upstream.CmcdHeadersFactory.STREAMING_FORMAT_HLS, com.google.android.exoplayer2.upstream.CmcdHeadersFactory.STREAMING_FORMAT_SS}" />
    </annotation>
  </item>
  <item name="com.google.android.exoplayer2.upstream.CmcdHeadersFactory.CmcdSession.Builder com.google.android.exoplayer2.upstream.CmcdHeadersFactory.CmcdSession.Builder setStreamType(java.lang.String) 0">
    <annotation name="androidx.annotation.StringDef">
      <val name="value" val="{com.google.android.exoplayer2.upstream.CmcdHeadersFactory.STREAM_TYPE_VOD, com.google.android.exoplayer2.upstream.CmcdHeadersFactory.STREAM_TYPE_LIVE}" />
    </annotation>
  </item>
  <item name="com.google.android.exoplayer2.upstream.CmcdHeadersFactory.CmcdSession.Builder com.google.android.exoplayer2.upstream.CmcdHeadersFactory.CmcdSession.Builder setStreamingFormat(java.lang.String) 0">
    <annotation name="androidx.annotation.StringDef">
      <val name="value" val="{com.google.android.exoplayer2.upstream.CmcdHeadersFactory.STREAMING_FORMAT_DASH, com.google.android.exoplayer2.upstream.CmcdHeadersFactory.STREAMING_FORMAT_HLS, com.google.android.exoplayer2.upstream.CmcdHeadersFactory.STREAMING_FORMAT_SS}" />
    </annotation>
  </item>
  <item name="com.google.android.exoplayer2.upstream.CmcdHeadersFactory.CmcdSession.Builder streamType">
    <annotation name="androidx.annotation.StringDef">
      <val name="value" val="{com.google.android.exoplayer2.upstream.CmcdHeadersFactory.STREAM_TYPE_VOD, com.google.android.exoplayer2.upstream.CmcdHeadersFactory.STREAM_TYPE_LIVE}" />
    </annotation>
  </item>
  <item name="com.google.android.exoplayer2.upstream.CmcdHeadersFactory.CmcdSession.Builder streamingFormat">
    <annotation name="androidx.annotation.StringDef">
      <val name="value" val="{com.google.android.exoplayer2.upstream.CmcdHeadersFactory.STREAMING_FORMAT_DASH, com.google.android.exoplayer2.upstream.CmcdHeadersFactory.STREAMING_FORMAT_HLS, com.google.android.exoplayer2.upstream.CmcdHeadersFactory.STREAMING_FORMAT_SS}" />
    </annotation>
  </item>
  <item name="com.google.android.exoplayer2.upstream.CmcdHeadersFactory.ObjectType">
    <annotation name="androidx.annotation.StringDef">
      <val name="value" val="{com.google.android.exoplayer2.upstream.CmcdHeadersFactory.OBJECT_TYPE_INIT_SEGMENT, com.google.android.exoplayer2.upstream.CmcdHeadersFactory.OBJECT_TYPE_AUDIO_ONLY, com.google.android.exoplayer2.upstream.CmcdHeadersFactory.OBJECT_TYPE_VIDEO_ONLY, com.google.android.exoplayer2.upstream.CmcdHeadersFactory.OBJECT_TYPE_MUXED_AUDIO_AND_VIDEO}" />
    </annotation>
  </item>
  <item name="com.google.android.exoplayer2.upstream.CmcdHeadersFactory.StreamType">
    <annotation name="androidx.annotation.StringDef">
      <val name="value" val="{com.google.android.exoplayer2.upstream.CmcdHeadersFactory.STREAM_TYPE_VOD, com.google.android.exoplayer2.upstream.CmcdHeadersFactory.STREAM_TYPE_LIVE}" />
    </annotation>
  </item>
  <item name="com.google.android.exoplayer2.upstream.CmcdHeadersFactory.StreamingFormat">
    <annotation name="androidx.annotation.StringDef">
      <val name="value" val="{com.google.android.exoplayer2.upstream.CmcdHeadersFactory.STREAMING_FORMAT_DASH, com.google.android.exoplayer2.upstream.CmcdHeadersFactory.STREAMING_FORMAT_HLS, com.google.android.exoplayer2.upstream.CmcdHeadersFactory.STREAMING_FORMAT_SS}" />
    </annotation>
  </item>
  <item name="com.google.android.exoplayer2.upstream.LoadErrorHandlingPolicy.FallbackOptions boolean isFallbackAvailable(int) 0">
    <annotation name="androidx.annotation.IntDef">
      <val name="value" val="{com.google.android.exoplayer2.upstream.LoadErrorHandlingPolicy.FALLBACK_TYPE_LOCATION, com.google.android.exoplayer2.upstream.LoadErrorHandlingPolicy.FALLBACK_TYPE_TRACK}" />
    </annotation>
  </item>
  <item name="com.google.android.exoplayer2.upstream.LoadErrorHandlingPolicy.FallbackSelection FallbackSelection(int, long) 0">
    <annotation name="androidx.annotation.IntDef">
      <val name="value" val="{com.google.android.exoplayer2.upstream.LoadErrorHandlingPolicy.FALLBACK_TYPE_LOCATION, com.google.android.exoplayer2.upstream.LoadErrorHandlingPolicy.FALLBACK_TYPE_TRACK}" />
    </annotation>
  </item>
  <item name="com.google.android.exoplayer2.upstream.LoadErrorHandlingPolicy.FallbackSelection type">
    <annotation name="androidx.annotation.IntDef">
      <val name="value" val="{com.google.android.exoplayer2.upstream.LoadErrorHandlingPolicy.FALLBACK_TYPE_LOCATION, com.google.android.exoplayer2.upstream.LoadErrorHandlingPolicy.FALLBACK_TYPE_TRACK}" />
    </annotation>
  </item>
  <item name="com.google.android.exoplayer2.upstream.LoadErrorHandlingPolicy.FallbackType">
    <annotation name="androidx.annotation.IntDef">
      <val name="value" val="{com.google.android.exoplayer2.upstream.LoadErrorHandlingPolicy.FALLBACK_TYPE_LOCATION, com.google.android.exoplayer2.upstream.LoadErrorHandlingPolicy.FALLBACK_TYPE_TRACK}" />
    </annotation>
  </item>
  <item name="com.google.android.exoplayer2.upstream.Loader.LoadErrorAction LoadErrorAction(int, long) 0">
    <annotation name="androidx.annotation.IntDef">
      <val name="value" val="{com.google.android.exoplayer2.upstream.Loader.ACTION_TYPE_RETRY, com.google.android.exoplayer2.upstream.Loader.ACTION_TYPE_RETRY_AND_RESET_ERROR_COUNT, com.google.android.exoplayer2.upstream.Loader.ACTION_TYPE_DONT_RETRY, com.google.android.exoplayer2.upstream.Loader.ACTION_TYPE_DONT_RETRY_FATAL}" />
    </annotation>
  </item>
  <item name="com.google.android.exoplayer2.upstream.Loader.LoadErrorAction type">
    <annotation name="androidx.annotation.IntDef">
      <val name="value" val="{com.google.android.exoplayer2.upstream.Loader.ACTION_TYPE_RETRY, com.google.android.exoplayer2.upstream.Loader.ACTION_TYPE_RETRY_AND_RESET_ERROR_COUNT, com.google.android.exoplayer2.upstream.Loader.ACTION_TYPE_DONT_RETRY, com.google.android.exoplayer2.upstream.Loader.ACTION_TYPE_DONT_RETRY_FATAL}" />
    </annotation>
  </item>
</root>

