<?xml version="1.0" encoding="UTF-8"?>
<root>
  <item name="com.google.android.exoplayer2.audio.AudioSink int getFormatSupport(com.google.android.exoplayer2.Format)">
    <annotation name="androidx.annotation.IntDef">
      <val name="value" val="{com.google.android.exoplayer2.audio.AudioSink.SINK_FORMAT_SUPPORTED_DIRECTLY, com.google.android.exoplayer2.audio.AudioSink.SINK_FORMAT_SUPPORTED_WITH_TRANSCODING, com.google.android.exoplayer2.audio.AudioSink.SINK_FORMAT_UNSUPPORTED}" />
    </annotation>
  </item>
  <item name="com.google.android.exoplayer2.audio.AudioSink.SinkFormatSupport">
    <annotation name="androidx.annotation.IntDef">
      <val name="value" val="{com.google.android.exoplayer2.audio.AudioSink.SINK_FORMAT_SUPPORTED_DIRECTLY, com.google.android.exoplayer2.audio.AudioSink.SINK_FORMAT_SUPPORTED_WITH_TRANSCODING, com.google.android.exoplayer2.audio.AudioSink.SINK_FORMAT_UNSUPPORTED}" />
    </annotation>
  </item>
  <item name="com.google.android.exoplayer2.audio.AudioTimestampPoller state">
    <annotation name="androidx.annotation.IntDef">
      <val name="value" val="{com.google.android.exoplayer2.audio.AudioTimestampPoller.STATE_INITIALIZING, com.google.android.exoplayer2.audio.AudioTimestampPoller.STATE_TIMESTAMP, com.google.android.exoplayer2.audio.AudioTimestampPoller.STATE_TIMESTAMP_ADVANCING, com.google.android.exoplayer2.audio.AudioTimestampPoller.STATE_NO_TIMESTAMP, com.google.android.exoplayer2.audio.AudioTimestampPoller.STATE_ERROR}" />
    </annotation>
  </item>
  <item name="com.google.android.exoplayer2.audio.AudioTimestampPoller void updateState(int) 0">
    <annotation name="androidx.annotation.IntDef">
      <val name="value" val="{com.google.android.exoplayer2.audio.AudioTimestampPoller.STATE_INITIALIZING, com.google.android.exoplayer2.audio.AudioTimestampPoller.STATE_TIMESTAMP, com.google.android.exoplayer2.audio.AudioTimestampPoller.STATE_TIMESTAMP_ADVANCING, com.google.android.exoplayer2.audio.AudioTimestampPoller.STATE_NO_TIMESTAMP, com.google.android.exoplayer2.audio.AudioTimestampPoller.STATE_ERROR}" />
    </annotation>
  </item>
  <item name="com.google.android.exoplayer2.audio.DecoderAudioRenderer decoderReinitializationState">
    <annotation name="androidx.annotation.IntDef">
      <val name="value" val="{com.google.android.exoplayer2.audio.DecoderAudioRenderer.REINITIALIZATION_STATE_NONE, com.google.android.exoplayer2.audio.DecoderAudioRenderer.REINITIALIZATION_STATE_SIGNAL_END_OF_STREAM, com.google.android.exoplayer2.audio.DecoderAudioRenderer.REINITIALIZATION_STATE_WAIT_END_OF_STREAM}" />
    </annotation>
  </item>
  <item name="com.google.android.exoplayer2.audio.DecoderAudioRenderer int getSinkFormatSupport(com.google.android.exoplayer2.Format)">
    <annotation name="androidx.annotation.IntDef">
      <val name="value" val="{com.google.android.exoplayer2.audio.AudioSink.SINK_FORMAT_SUPPORTED_DIRECTLY, com.google.android.exoplayer2.audio.AudioSink.SINK_FORMAT_SUPPORTED_WITH_TRANSCODING, com.google.android.exoplayer2.audio.AudioSink.SINK_FORMAT_UNSUPPORTED}" />
    </annotation>
  </item>
  <item name="com.google.android.exoplayer2.audio.DecoderAudioRenderer int supportsFormat(com.google.android.exoplayer2.Format)">
  </item>
  <item name="com.google.android.exoplayer2.audio.DecoderAudioRenderer void handleMessage(int, java.lang.Object) 0">
    <annotation name="androidx.annotation.IntDef">
      <val name="open" val="true" />
      <val name="value" val="{com.google.android.exoplayer2.Renderer.MSG_SET_VIDEO_OUTPUT, com.google.android.exoplayer2.Renderer.MSG_SET_VOLUME, com.google.android.exoplayer2.Renderer.MSG_SET_AUDIO_ATTRIBUTES, com.google.android.exoplayer2.Renderer.MSG_SET_SCALING_MODE, com.google.android.exoplayer2.Renderer.MSG_SET_CHANGE_FRAME_RATE_STRATEGY, com.google.android.exoplayer2.Renderer.MSG_SET_AUX_EFFECT_INFO, com.google.android.exoplayer2.Renderer.MSG_SET_VIDEO_FRAME_METADATA_LISTENER, com.google.android.exoplayer2.Renderer.MSG_SET_CAMERA_MOTION_LISTENER, com.google.android.exoplayer2.Renderer.MSG_SET_SKIP_SILENCE_ENABLED, com.google.android.exoplayer2.Renderer.MSG_SET_AUDIO_SESSION_ID, com.google.android.exoplayer2.Renderer.MSG_SET_WAKEUP_LISTENER, com.google.android.exoplayer2.Renderer.MSG_SET_VIDEO_EFFECTS, com.google.android.exoplayer2.Renderer.MSG_SET_VIDEO_OUTPUT_RESOLUTION}" />
    </annotation>
  </item>
  <item name="com.google.android.exoplayer2.audio.DefaultAudioSink int getFormatSupport(com.google.android.exoplayer2.Format)">
    <annotation name="androidx.annotation.IntDef">
      <val name="value" val="{com.google.android.exoplayer2.audio.AudioSink.SINK_FORMAT_SUPPORTED_DIRECTLY, com.google.android.exoplayer2.audio.AudioSink.SINK_FORMAT_SUPPORTED_WITH_TRANSCODING, com.google.android.exoplayer2.audio.AudioSink.SINK_FORMAT_UNSUPPORTED}" />
    </annotation>
  </item>
  <item name="com.google.android.exoplayer2.audio.DefaultAudioSink offloadMode">
    <annotation name="androidx.annotation.IntDef">
      <val name="value" val="{com.google.android.exoplayer2.audio.DefaultAudioSink.OFFLOAD_MODE_DISABLED, com.google.android.exoplayer2.audio.DefaultAudioSink.OFFLOAD_MODE_ENABLED_GAPLESS_REQUIRED, com.google.android.exoplayer2.audio.DefaultAudioSink.OFFLOAD_MODE_ENABLED_GAPLESS_NOT_REQUIRED, com.google.android.exoplayer2.audio.DefaultAudioSink.OFFLOAD_MODE_ENABLED_GAPLESS_DISABLED}" />
    </annotation>
  </item>
  <item name="com.google.android.exoplayer2.audio.DefaultAudioSink.AudioTrackBufferSizeProvider int getBufferSizeInBytes(int, int, int, int, int, int, double) 2">
    <annotation name="androidx.annotation.IntDef">
      <val name="value" val="{com.google.android.exoplayer2.audio.DefaultAudioSink.OUTPUT_MODE_PCM, com.google.android.exoplayer2.audio.DefaultAudioSink.OUTPUT_MODE_OFFLOAD, com.google.android.exoplayer2.audio.DefaultAudioSink.OUTPUT_MODE_PASSTHROUGH}" />
    </annotation>
  </item>
  <item name="com.google.android.exoplayer2.audio.DefaultAudioSink.Builder com.google.android.exoplayer2.audio.DefaultAudioSink.Builder setOffloadMode(int) 0">
    <annotation name="androidx.annotation.IntDef">
      <val name="value" val="{com.google.android.exoplayer2.audio.DefaultAudioSink.OFFLOAD_MODE_DISABLED, com.google.android.exoplayer2.audio.DefaultAudioSink.OFFLOAD_MODE_ENABLED_GAPLESS_REQUIRED, com.google.android.exoplayer2.audio.DefaultAudioSink.OFFLOAD_MODE_ENABLED_GAPLESS_NOT_REQUIRED, com.google.android.exoplayer2.audio.DefaultAudioSink.OFFLOAD_MODE_ENABLED_GAPLESS_DISABLED}" />
    </annotation>
  </item>
  <item name="com.google.android.exoplayer2.audio.DefaultAudioSink.Configuration Configuration(com.google.android.exoplayer2.Format, int, int, int, int, int, int, int, com.google.android.exoplayer2.audio.AudioProcessingPipeline, boolean) 2">
    <annotation name="androidx.annotation.IntDef">
      <val name="value" val="{com.google.android.exoplayer2.audio.DefaultAudioSink.OUTPUT_MODE_PCM, com.google.android.exoplayer2.audio.DefaultAudioSink.OUTPUT_MODE_OFFLOAD, com.google.android.exoplayer2.audio.DefaultAudioSink.OUTPUT_MODE_PASSTHROUGH}" />
    </annotation>
  </item>
  <item name="com.google.android.exoplayer2.audio.DefaultAudioSink.Configuration outputMode">
    <annotation name="androidx.annotation.IntDef">
      <val name="value" val="{com.google.android.exoplayer2.audio.DefaultAudioSink.OUTPUT_MODE_PCM, com.google.android.exoplayer2.audio.DefaultAudioSink.OUTPUT_MODE_OFFLOAD, com.google.android.exoplayer2.audio.DefaultAudioSink.OUTPUT_MODE_PASSTHROUGH}" />
    </annotation>
  </item>
  <item name="com.google.android.exoplayer2.audio.DefaultAudioSink.OffloadMode">
    <annotation name="androidx.annotation.IntDef">
      <val name="value" val="{com.google.android.exoplayer2.audio.DefaultAudioSink.OFFLOAD_MODE_DISABLED, com.google.android.exoplayer2.audio.DefaultAudioSink.OFFLOAD_MODE_ENABLED_GAPLESS_REQUIRED, com.google.android.exoplayer2.audio.DefaultAudioSink.OFFLOAD_MODE_ENABLED_GAPLESS_NOT_REQUIRED, com.google.android.exoplayer2.audio.DefaultAudioSink.OFFLOAD_MODE_ENABLED_GAPLESS_DISABLED}" />
    </annotation>
  </item>
  <item name="com.google.android.exoplayer2.audio.DefaultAudioSink.OutputMode">
    <annotation name="androidx.annotation.IntDef">
      <val name="value" val="{com.google.android.exoplayer2.audio.DefaultAudioSink.OUTPUT_MODE_PCM, com.google.android.exoplayer2.audio.DefaultAudioSink.OUTPUT_MODE_OFFLOAD, com.google.android.exoplayer2.audio.DefaultAudioSink.OUTPUT_MODE_PASSTHROUGH}" />
    </annotation>
  </item>
  <item name="com.google.android.exoplayer2.audio.DefaultAudioTrackBufferSizeProvider int getBufferSizeInBytes(int, int, int, int, int, int, double) 2">
    <annotation name="androidx.annotation.IntDef">
      <val name="value" val="{com.google.android.exoplayer2.audio.DefaultAudioSink.OUTPUT_MODE_PCM, com.google.android.exoplayer2.audio.DefaultAudioSink.OUTPUT_MODE_OFFLOAD, com.google.android.exoplayer2.audio.DefaultAudioSink.OUTPUT_MODE_PASSTHROUGH}" />
    </annotation>
  </item>
  <item name="com.google.android.exoplayer2.audio.ForwardingAudioSink int getFormatSupport(com.google.android.exoplayer2.Format)">
    <annotation name="androidx.annotation.IntDef">
      <val name="value" val="{com.google.android.exoplayer2.audio.AudioSink.SINK_FORMAT_SUPPORTED_DIRECTLY, com.google.android.exoplayer2.audio.AudioSink.SINK_FORMAT_SUPPORTED_WITH_TRANSCODING, com.google.android.exoplayer2.audio.AudioSink.SINK_FORMAT_UNSUPPORTED}" />
    </annotation>
  </item>
  <item name="com.google.android.exoplayer2.audio.MediaCodecAudioRenderer int supportsFormat(com.google.android.exoplayer2.mediacodec.MediaCodecSelector, com.google.android.exoplayer2.Format)">
  </item>
  <item name="com.google.android.exoplayer2.audio.MediaCodecAudioRenderer void handleMessage(int, java.lang.Object) 0">
    <annotation name="androidx.annotation.IntDef">
      <val name="open" val="true" />
      <val name="value" val="{com.google.android.exoplayer2.Renderer.MSG_SET_VIDEO_OUTPUT, com.google.android.exoplayer2.Renderer.MSG_SET_VOLUME, com.google.android.exoplayer2.Renderer.MSG_SET_AUDIO_ATTRIBUTES, com.google.android.exoplayer2.Renderer.MSG_SET_SCALING_MODE, com.google.android.exoplayer2.Renderer.MSG_SET_CHANGE_FRAME_RATE_STRATEGY, com.google.android.exoplayer2.Renderer.MSG_SET_AUX_EFFECT_INFO, com.google.android.exoplayer2.Renderer.MSG_SET_VIDEO_FRAME_METADATA_LISTENER, com.google.android.exoplayer2.Renderer.MSG_SET_CAMERA_MOTION_LISTENER, com.google.android.exoplayer2.Renderer.MSG_SET_SKIP_SILENCE_ENABLED, com.google.android.exoplayer2.Renderer.MSG_SET_AUDIO_SESSION_ID, com.google.android.exoplayer2.Renderer.MSG_SET_WAKEUP_LISTENER, com.google.android.exoplayer2.Renderer.MSG_SET_VIDEO_EFFECTS, com.google.android.exoplayer2.Renderer.MSG_SET_VIDEO_OUTPUT_RESOLUTION}" />
    </annotation>
  </item>
  <item name="com.google.android.exoplayer2.audio.SilenceSkippingAudioProcessor state">
    <annotation name="androidx.annotation.IntDef">
      <val name="value" val="{com.google.android.exoplayer2.audio.SilenceSkippingAudioProcessor.STATE_NOISY, com.google.android.exoplayer2.audio.SilenceSkippingAudioProcessor.STATE_MAYBE_SILENT, com.google.android.exoplayer2.audio.SilenceSkippingAudioProcessor.STATE_SILENT}" />
    </annotation>
  </item>
</root>

