<?xml version="1.0" encoding="UTF-8"?>
<root>
  <item name="com.google.android.exoplayer2.video.spherical.CameraMotionRenderer int supportsFormat(com.google.android.exoplayer2.Format)">
  </item>
  <item name="com.google.android.exoplayer2.video.spherical.CameraMotionRenderer void handleMessage(int, java.lang.Object) 0">
    <annotation name="androidx.annotation.IntDef">
      <val name="open" val="true" />
      <val name="value" val="{com.google.android.exoplayer2.Renderer.MSG_SET_VIDEO_OUTPUT, com.google.android.exoplayer2.Renderer.MSG_SET_VOLUME, com.google.android.exoplayer2.Renderer.MSG_SET_AUDIO_ATTRIBUTES, com.google.android.exoplayer2.Renderer.MSG_SET_SCALING_MODE, com.google.android.exoplayer2.Renderer.MSG_SET_CHANGE_FRAME_RATE_STRATEGY, com.google.android.exoplayer2.Renderer.MSG_SET_AUX_EFFECT_INFO, com.google.android.exoplayer2.Renderer.MSG_SET_VIDEO_FRAME_METADATA_LISTENER, com.google.android.exoplayer2.Renderer.MSG_SET_CAMERA_MOTION_LISTENER, com.google.android.exoplayer2.Renderer.MSG_SET_SKIP_SILENCE_ENABLED, com.google.android.exoplayer2.Renderer.MSG_SET_AUDIO_SESSION_ID, com.google.android.exoplayer2.Renderer.MSG_SET_WAKEUP_LISTENER, com.google.android.exoplayer2.Renderer.MSG_SET_VIDEO_EFFECTS, com.google.android.exoplayer2.Renderer.MSG_SET_VIDEO_OUTPUT_RESOLUTION}" />
    </annotation>
  </item>
  <item name="com.google.android.exoplayer2.video.spherical.Projection.DrawMode">
    <annotation name="androidx.annotation.IntDef">
      <val name="value" val="{com.google.android.exoplayer2.video.spherical.Projection.DRAW_MODE_TRIANGLES, com.google.android.exoplayer2.video.spherical.Projection.DRAW_MODE_TRIANGLES_STRIP, com.google.android.exoplayer2.video.spherical.Projection.DRAW_MODE_TRIANGLES_FAN}" />
    </annotation>
  </item>
  <item name="com.google.android.exoplayer2.video.spherical.Projection.SubMesh SubMesh(int, float[], float[], int) 3">
    <annotation name="androidx.annotation.IntDef">
      <val name="value" val="{com.google.android.exoplayer2.video.spherical.Projection.DRAW_MODE_TRIANGLES, com.google.android.exoplayer2.video.spherical.Projection.DRAW_MODE_TRIANGLES_STRIP, com.google.android.exoplayer2.video.spherical.Projection.DRAW_MODE_TRIANGLES_FAN}" />
    </annotation>
  </item>
  <item name="com.google.android.exoplayer2.video.spherical.Projection.SubMesh mode">
    <annotation name="androidx.annotation.IntDef">
      <val name="value" val="{com.google.android.exoplayer2.video.spherical.Projection.DRAW_MODE_TRIANGLES, com.google.android.exoplayer2.video.spherical.Projection.DRAW_MODE_TRIANGLES_STRIP, com.google.android.exoplayer2.video.spherical.Projection.DRAW_MODE_TRIANGLES_FAN}" />
    </annotation>
  </item>
</root>

