<?xml version="1.0" encoding="UTF-8"?>
<root>
  <item name="com.google.android.exoplayer2.video.DecoderVideoRenderer decoderReinitializationState">
    <annotation name="androidx.annotation.IntDef">
      <val name="value" val="{com.google.android.exoplayer2.video.DecoderVideoRenderer.REINITIALIZATION_STATE_NONE, com.google.android.exoplayer2.video.DecoderVideoRenderer.REINITIALIZATION_STATE_SIGNAL_END_OF_STREAM, com.google.android.exoplayer2.video.DecoderVideoRenderer.REINITIALIZATION_STATE_WAIT_END_OF_STREAM}" />
    </annotation>
  </item>
  <item name="com.google.android.exoplayer2.video.DecoderVideoRenderer void handleMessage(int, java.lang.Object) 0">
    <annotation name="androidx.annotation.IntDef">
      <val name="open" val="true" />
      <val name="value" val="{com.google.android.exoplayer2.Renderer.MSG_SET_VIDEO_OUTPUT, com.google.android.exoplayer2.Renderer.MSG_SET_VOLUME, com.google.android.exoplayer2.Renderer.MSG_SET_AUDIO_ATTRIBUTES, com.google.android.exoplayer2.Renderer.MSG_SET_SCALING_MODE, com.google.android.exoplayer2.Renderer.MSG_SET_CHANGE_FRAME_RATE_STRATEGY, com.google.android.exoplayer2.Renderer.MSG_SET_AUX_EFFECT_INFO, com.google.android.exoplayer2.Renderer.MSG_SET_VIDEO_FRAME_METADATA_LISTENER, com.google.android.exoplayer2.Renderer.MSG_SET_CAMERA_MOTION_LISTENER, com.google.android.exoplayer2.Renderer.MSG_SET_SKIP_SILENCE_ENABLED, com.google.android.exoplayer2.Renderer.MSG_SET_AUDIO_SESSION_ID, com.google.android.exoplayer2.Renderer.MSG_SET_WAKEUP_LISTENER, com.google.android.exoplayer2.Renderer.MSG_SET_VIDEO_EFFECTS, com.google.android.exoplayer2.Renderer.MSG_SET_VIDEO_OUTPUT_RESOLUTION}" />
    </annotation>
  </item>
  <item name="com.google.android.exoplayer2.video.MediaCodecVideoRenderer int supportsFormat(com.google.android.exoplayer2.mediacodec.MediaCodecSelector, com.google.android.exoplayer2.Format)">
  </item>
  <item name="com.google.android.exoplayer2.video.MediaCodecVideoRenderer void handleMessage(int, java.lang.Object) 0">
    <annotation name="androidx.annotation.IntDef">
      <val name="open" val="true" />
      <val name="value" val="{com.google.android.exoplayer2.Renderer.MSG_SET_VIDEO_OUTPUT, com.google.android.exoplayer2.Renderer.MSG_SET_VOLUME, com.google.android.exoplayer2.Renderer.MSG_SET_AUDIO_ATTRIBUTES, com.google.android.exoplayer2.Renderer.MSG_SET_SCALING_MODE, com.google.android.exoplayer2.Renderer.MSG_SET_CHANGE_FRAME_RATE_STRATEGY, com.google.android.exoplayer2.Renderer.MSG_SET_AUX_EFFECT_INFO, com.google.android.exoplayer2.Renderer.MSG_SET_VIDEO_FRAME_METADATA_LISTENER, com.google.android.exoplayer2.Renderer.MSG_SET_CAMERA_MOTION_LISTENER, com.google.android.exoplayer2.Renderer.MSG_SET_SKIP_SILENCE_ENABLED, com.google.android.exoplayer2.Renderer.MSG_SET_AUDIO_SESSION_ID, com.google.android.exoplayer2.Renderer.MSG_SET_WAKEUP_LISTENER, com.google.android.exoplayer2.Renderer.MSG_SET_VIDEO_EFFECTS, com.google.android.exoplayer2.Renderer.MSG_SET_VIDEO_OUTPUT_RESOLUTION}" />
    </annotation>
  </item>
</root>

