<?xml version="1.0" encoding="UTF-8"?>
<root>
  <item name="com.google.android.exoplayer2.transformer.AssetLoader int getProgress(com.google.android.exoplayer2.transformer.ProgressHolder)">
    <annotation name="androidx.annotation.IntDef">
      <val name="value" val="{com.google.android.exoplayer2.transformer.Transformer.PROGRESS_STATE_NOT_STARTED, com.google.android.exoplayer2.transformer.Transformer.PROGRESS_STATE_WAITING_FOR_AVAILABILITY, com.google.android.exoplayer2.transformer.Transformer.PROGRESS_STATE_AVAILABLE, com.google.android.exoplayer2.transformer.Transformer.PROGRESS_STATE_UNAVAILABLE}" />
    </annotation>
  </item>
  <item name="com.google.android.exoplayer2.transformer.AssetLoader.Listener boolean onTrackAdded(com.google.android.exoplayer2.Format, int) 1">
    <annotation name="androidx.annotation.IntDef">
      <val name="flag" val="true" />
      <val name="value" val="{com.google.android.exoplayer2.transformer.AssetLoader.SUPPORTED_OUTPUT_TYPE_ENCODED, com.google.android.exoplayer2.transformer.AssetLoader.SUPPORTED_OUTPUT_TYPE_DECODED}" />
    </annotation>
  </item>
  <item name="com.google.android.exoplayer2.transformer.AssetLoader.SupportedOutputTypes">
    <annotation name="androidx.annotation.IntDef">
      <val name="flag" val="true" />
      <val name="value" val="{com.google.android.exoplayer2.transformer.AssetLoader.SUPPORTED_OUTPUT_TYPE_ENCODED, com.google.android.exoplayer2.transformer.AssetLoader.SUPPORTED_OUTPUT_TYPE_DECODED}" />
    </annotation>
  </item>
  <item name="com.google.android.exoplayer2.transformer.DefaultCodec com.google.android.exoplayer2.transformer.ExportException createExportException(java.lang.Exception, int, java.lang.String) 1">
    <annotation name="androidx.annotation.IntDef">
      <val name="open" val="true" />
      <val name="value" val="{com.google.android.exoplayer2.transformer.ExportException.ERROR_CODE_UNSPECIFIED, com.google.android.exoplayer2.transformer.ExportException.ERROR_CODE_FAILED_RUNTIME_CHECK, com.google.android.exoplayer2.transformer.ExportException.ERROR_CODE_IO_UNSPECIFIED, com.google.android.exoplayer2.transformer.ExportException.ERROR_CODE_IO_NETWORK_CONNECTION_FAILED, com.google.android.exoplayer2.transformer.ExportException.ERROR_CODE_IO_NETWORK_CONNECTION_TIMEOUT, com.google.android.exoplayer2.transformer.ExportException.ERROR_CODE_IO_INVALID_HTTP_CONTENT_TYPE, com.google.android.exoplayer2.transformer.ExportException.ERROR_CODE_IO_BAD_HTTP_STATUS, com.google.android.exoplayer2.transformer.ExportException.ERROR_CODE_IO_FILE_NOT_FOUND, com.google.android.exoplayer2.transformer.ExportException.ERROR_CODE_IO_NO_PERMISSION, com.google.android.exoplayer2.transformer.ExportException.ERROR_CODE_IO_CLEARTEXT_NOT_PERMITTED, com.google.android.exoplayer2.transformer.ExportException.ERROR_CODE_IO_READ_POSITION_OUT_OF_RANGE, com.google.android.exoplayer2.transformer.ExportException.ERROR_CODE_DECODER_INIT_FAILED, com.google.android.exoplayer2.transformer.ExportException.ERROR_CODE_DECODING_FAILED, com.google.android.exoplayer2.transformer.ExportException.ERROR_CODE_DECODING_FORMAT_UNSUPPORTED, com.google.android.exoplayer2.transformer.ExportException.ERROR_CODE_ENCODER_INIT_FAILED, com.google.android.exoplayer2.transformer.ExportException.ERROR_CODE_ENCODING_FAILED, com.google.android.exoplayer2.transformer.ExportException.ERROR_CODE_ENCODING_FORMAT_UNSUPPORTED, com.google.android.exoplayer2.transformer.ExportException.ERROR_CODE_VIDEO_FRAME_PROCESSING_FAILED, com.google.android.exoplayer2.transformer.ExportException.ERROR_CODE_AUDIO_PROCESSING_FAILED, com.google.android.exoplayer2.transformer.ExportException.ERROR_CODE_MUXING_FAILED, com.google.android.exoplayer2.transformer.ExportException.ERROR_CODE_MUXING_TIMEOUT}" />
    </annotation>
  </item>
  <item name="com.google.android.exoplayer2.transformer.ExoPlayerAssetLoader int getProgress(com.google.android.exoplayer2.transformer.ProgressHolder)">
    <annotation name="androidx.annotation.IntDef">
      <val name="value" val="{com.google.android.exoplayer2.transformer.Transformer.PROGRESS_STATE_NOT_STARTED, com.google.android.exoplayer2.transformer.Transformer.PROGRESS_STATE_WAITING_FOR_AVAILABILITY, com.google.android.exoplayer2.transformer.Transformer.PROGRESS_STATE_AVAILABLE, com.google.android.exoplayer2.transformer.Transformer.PROGRESS_STATE_UNAVAILABLE}" />
    </annotation>
  </item>
  <item name="com.google.android.exoplayer2.transformer.ExoPlayerAssetLoader progressState">
    <annotation name="androidx.annotation.IntDef">
      <val name="value" val="{com.google.android.exoplayer2.transformer.Transformer.PROGRESS_STATE_NOT_STARTED, com.google.android.exoplayer2.transformer.Transformer.PROGRESS_STATE_WAITING_FOR_AVAILABILITY, com.google.android.exoplayer2.transformer.Transformer.PROGRESS_STATE_AVAILABLE, com.google.android.exoplayer2.transformer.Transformer.PROGRESS_STATE_UNAVAILABLE}" />
    </annotation>
  </item>
  <item name="com.google.android.exoplayer2.transformer.ExportException ExportException(java.lang.String, java.lang.Throwable, int) 2">
    <annotation name="androidx.annotation.IntDef">
      <val name="open" val="true" />
      <val name="value" val="{com.google.android.exoplayer2.transformer.ExportException.ERROR_CODE_UNSPECIFIED, com.google.android.exoplayer2.transformer.ExportException.ERROR_CODE_FAILED_RUNTIME_CHECK, com.google.android.exoplayer2.transformer.ExportException.ERROR_CODE_IO_UNSPECIFIED, com.google.android.exoplayer2.transformer.ExportException.ERROR_CODE_IO_NETWORK_CONNECTION_FAILED, com.google.android.exoplayer2.transformer.ExportException.ERROR_CODE_IO_NETWORK_CONNECTION_TIMEOUT, com.google.android.exoplayer2.transformer.ExportException.ERROR_CODE_IO_INVALID_HTTP_CONTENT_TYPE, com.google.android.exoplayer2.transformer.ExportException.ERROR_CODE_IO_BAD_HTTP_STATUS, com.google.android.exoplayer2.transformer.ExportException.ERROR_CODE_IO_FILE_NOT_FOUND, com.google.android.exoplayer2.transformer.ExportException.ERROR_CODE_IO_NO_PERMISSION, com.google.android.exoplayer2.transformer.ExportException.ERROR_CODE_IO_CLEARTEXT_NOT_PERMITTED, com.google.android.exoplayer2.transformer.ExportException.ERROR_CODE_IO_READ_POSITION_OUT_OF_RANGE, com.google.android.exoplayer2.transformer.ExportException.ERROR_CODE_DECODER_INIT_FAILED, com.google.android.exoplayer2.transformer.ExportException.ERROR_CODE_DECODING_FAILED, com.google.android.exoplayer2.transformer.ExportException.ERROR_CODE_DECODING_FORMAT_UNSUPPORTED, com.google.android.exoplayer2.transformer.ExportException.ERROR_CODE_ENCODER_INIT_FAILED, com.google.android.exoplayer2.transformer.ExportException.ERROR_CODE_ENCODING_FAILED, com.google.android.exoplayer2.transformer.ExportException.ERROR_CODE_ENCODING_FORMAT_UNSUPPORTED, com.google.android.exoplayer2.transformer.ExportException.ERROR_CODE_VIDEO_FRAME_PROCESSING_FAILED, com.google.android.exoplayer2.transformer.ExportException.ERROR_CODE_AUDIO_PROCESSING_FAILED, com.google.android.exoplayer2.transformer.ExportException.ERROR_CODE_MUXING_FAILED, com.google.android.exoplayer2.transformer.ExportException.ERROR_CODE_MUXING_TIMEOUT}" />
    </annotation>
  </item>
  <item name="com.google.android.exoplayer2.transformer.ExportException com.google.android.exoplayer2.transformer.ExportException createForCodec(java.lang.Throwable, int, boolean, boolean, com.google.android.exoplayer2.Format) 1">
    <annotation name="androidx.annotation.IntDef">
      <val name="open" val="true" />
      <val name="value" val="{com.google.android.exoplayer2.transformer.ExportException.ERROR_CODE_UNSPECIFIED, com.google.android.exoplayer2.transformer.ExportException.ERROR_CODE_FAILED_RUNTIME_CHECK, com.google.android.exoplayer2.transformer.ExportException.ERROR_CODE_IO_UNSPECIFIED, com.google.android.exoplayer2.transformer.ExportException.ERROR_CODE_IO_NETWORK_CONNECTION_FAILED, com.google.android.exoplayer2.transformer.ExportException.ERROR_CODE_IO_NETWORK_CONNECTION_TIMEOUT, com.google.android.exoplayer2.transformer.ExportException.ERROR_CODE_IO_INVALID_HTTP_CONTENT_TYPE, com.google.android.exoplayer2.transformer.ExportException.ERROR_CODE_IO_BAD_HTTP_STATUS, com.google.android.exoplayer2.transformer.ExportException.ERROR_CODE_IO_FILE_NOT_FOUND, com.google.android.exoplayer2.transformer.ExportException.ERROR_CODE_IO_NO_PERMISSION, com.google.android.exoplayer2.transformer.ExportException.ERROR_CODE_IO_CLEARTEXT_NOT_PERMITTED, com.google.android.exoplayer2.transformer.ExportException.ERROR_CODE_IO_READ_POSITION_OUT_OF_RANGE, com.google.android.exoplayer2.transformer.ExportException.ERROR_CODE_DECODER_INIT_FAILED, com.google.android.exoplayer2.transformer.ExportException.ERROR_CODE_DECODING_FAILED, com.google.android.exoplayer2.transformer.ExportException.ERROR_CODE_DECODING_FORMAT_UNSUPPORTED, com.google.android.exoplayer2.transformer.ExportException.ERROR_CODE_ENCODER_INIT_FAILED, com.google.android.exoplayer2.transformer.ExportException.ERROR_CODE_ENCODING_FAILED, com.google.android.exoplayer2.transformer.ExportException.ERROR_CODE_ENCODING_FORMAT_UNSUPPORTED, com.google.android.exoplayer2.transformer.ExportException.ERROR_CODE_VIDEO_FRAME_PROCESSING_FAILED, com.google.android.exoplayer2.transformer.ExportException.ERROR_CODE_AUDIO_PROCESSING_FAILED, com.google.android.exoplayer2.transformer.ExportException.ERROR_CODE_MUXING_FAILED, com.google.android.exoplayer2.transformer.ExportException.ERROR_CODE_MUXING_TIMEOUT}" />
    </annotation>
  </item>
  <item name="com.google.android.exoplayer2.transformer.ExportException com.google.android.exoplayer2.transformer.ExportException createForCodec(java.lang.Throwable, int, boolean, boolean, java.lang.String) 1">
    <annotation name="androidx.annotation.IntDef">
      <val name="open" val="true" />
      <val name="value" val="{com.google.android.exoplayer2.transformer.ExportException.ERROR_CODE_UNSPECIFIED, com.google.android.exoplayer2.transformer.ExportException.ERROR_CODE_FAILED_RUNTIME_CHECK, com.google.android.exoplayer2.transformer.ExportException.ERROR_CODE_IO_UNSPECIFIED, com.google.android.exoplayer2.transformer.ExportException.ERROR_CODE_IO_NETWORK_CONNECTION_FAILED, com.google.android.exoplayer2.transformer.ExportException.ERROR_CODE_IO_NETWORK_CONNECTION_TIMEOUT, com.google.android.exoplayer2.transformer.ExportException.ERROR_CODE_IO_INVALID_HTTP_CONTENT_TYPE, com.google.android.exoplayer2.transformer.ExportException.ERROR_CODE_IO_BAD_HTTP_STATUS, com.google.android.exoplayer2.transformer.ExportException.ERROR_CODE_IO_FILE_NOT_FOUND, com.google.android.exoplayer2.transformer.ExportException.ERROR_CODE_IO_NO_PERMISSION, com.google.android.exoplayer2.transformer.ExportException.ERROR_CODE_IO_CLEARTEXT_NOT_PERMITTED, com.google.android.exoplayer2.transformer.ExportException.ERROR_CODE_IO_READ_POSITION_OUT_OF_RANGE, com.google.android.exoplayer2.transformer.ExportException.ERROR_CODE_DECODER_INIT_FAILED, com.google.android.exoplayer2.transformer.ExportException.ERROR_CODE_DECODING_FAILED, com.google.android.exoplayer2.transformer.ExportException.ERROR_CODE_DECODING_FORMAT_UNSUPPORTED, com.google.android.exoplayer2.transformer.ExportException.ERROR_CODE_ENCODER_INIT_FAILED, com.google.android.exoplayer2.transformer.ExportException.ERROR_CODE_ENCODING_FAILED, com.google.android.exoplayer2.transformer.ExportException.ERROR_CODE_ENCODING_FORMAT_UNSUPPORTED, com.google.android.exoplayer2.transformer.ExportException.ERROR_CODE_VIDEO_FRAME_PROCESSING_FAILED, com.google.android.exoplayer2.transformer.ExportException.ERROR_CODE_AUDIO_PROCESSING_FAILED, com.google.android.exoplayer2.transformer.ExportException.ERROR_CODE_MUXING_FAILED, com.google.android.exoplayer2.transformer.ExportException.ERROR_CODE_MUXING_TIMEOUT}" />
    </annotation>
  </item>
  <item name="com.google.android.exoplayer2.transformer.ExportException errorCode">
    <annotation name="androidx.annotation.IntDef">
      <val name="open" val="true" />
      <val name="value" val="{com.google.android.exoplayer2.transformer.ExportException.ERROR_CODE_UNSPECIFIED, com.google.android.exoplayer2.transformer.ExportException.ERROR_CODE_FAILED_RUNTIME_CHECK, com.google.android.exoplayer2.transformer.ExportException.ERROR_CODE_IO_UNSPECIFIED, com.google.android.exoplayer2.transformer.ExportException.ERROR_CODE_IO_NETWORK_CONNECTION_FAILED, com.google.android.exoplayer2.transformer.ExportException.ERROR_CODE_IO_NETWORK_CONNECTION_TIMEOUT, com.google.android.exoplayer2.transformer.ExportException.ERROR_CODE_IO_INVALID_HTTP_CONTENT_TYPE, com.google.android.exoplayer2.transformer.ExportException.ERROR_CODE_IO_BAD_HTTP_STATUS, com.google.android.exoplayer2.transformer.ExportException.ERROR_CODE_IO_FILE_NOT_FOUND, com.google.android.exoplayer2.transformer.ExportException.ERROR_CODE_IO_NO_PERMISSION, com.google.android.exoplayer2.transformer.ExportException.ERROR_CODE_IO_CLEARTEXT_NOT_PERMITTED, com.google.android.exoplayer2.transformer.ExportException.ERROR_CODE_IO_READ_POSITION_OUT_OF_RANGE, com.google.android.exoplayer2.transformer.ExportException.ERROR_CODE_DECODER_INIT_FAILED, com.google.android.exoplayer2.transformer.ExportException.ERROR_CODE_DECODING_FAILED, com.google.android.exoplayer2.transformer.ExportException.ERROR_CODE_DECODING_FORMAT_UNSUPPORTED, com.google.android.exoplayer2.transformer.ExportException.ERROR_CODE_ENCODER_INIT_FAILED, com.google.android.exoplayer2.transformer.ExportException.ERROR_CODE_ENCODING_FAILED, com.google.android.exoplayer2.transformer.ExportException.ERROR_CODE_ENCODING_FORMAT_UNSUPPORTED, com.google.android.exoplayer2.transformer.ExportException.ERROR_CODE_VIDEO_FRAME_PROCESSING_FAILED, com.google.android.exoplayer2.transformer.ExportException.ERROR_CODE_AUDIO_PROCESSING_FAILED, com.google.android.exoplayer2.transformer.ExportException.ERROR_CODE_MUXING_FAILED, com.google.android.exoplayer2.transformer.ExportException.ERROR_CODE_MUXING_TIMEOUT}" />
    </annotation>
  </item>
  <item name="com.google.android.exoplayer2.transformer.ExportException java.lang.String getErrorCodeName(int) 0">
    <annotation name="androidx.annotation.IntDef">
      <val name="open" val="true" />
      <val name="value" val="{com.google.android.exoplayer2.transformer.ExportException.ERROR_CODE_UNSPECIFIED, com.google.android.exoplayer2.transformer.ExportException.ERROR_CODE_FAILED_RUNTIME_CHECK, com.google.android.exoplayer2.transformer.ExportException.ERROR_CODE_IO_UNSPECIFIED, com.google.android.exoplayer2.transformer.ExportException.ERROR_CODE_IO_NETWORK_CONNECTION_FAILED, com.google.android.exoplayer2.transformer.ExportException.ERROR_CODE_IO_NETWORK_CONNECTION_TIMEOUT, com.google.android.exoplayer2.transformer.ExportException.ERROR_CODE_IO_INVALID_HTTP_CONTENT_TYPE, com.google.android.exoplayer2.transformer.ExportException.ERROR_CODE_IO_BAD_HTTP_STATUS, com.google.android.exoplayer2.transformer.ExportException.ERROR_CODE_IO_FILE_NOT_FOUND, com.google.android.exoplayer2.transformer.ExportException.ERROR_CODE_IO_NO_PERMISSION, com.google.android.exoplayer2.transformer.ExportException.ERROR_CODE_IO_CLEARTEXT_NOT_PERMITTED, com.google.android.exoplayer2.transformer.ExportException.ERROR_CODE_IO_READ_POSITION_OUT_OF_RANGE, com.google.android.exoplayer2.transformer.ExportException.ERROR_CODE_DECODER_INIT_FAILED, com.google.android.exoplayer2.transformer.ExportException.ERROR_CODE_DECODING_FAILED, com.google.android.exoplayer2.transformer.ExportException.ERROR_CODE_DECODING_FORMAT_UNSUPPORTED, com.google.android.exoplayer2.transformer.ExportException.ERROR_CODE_ENCODER_INIT_FAILED, com.google.android.exoplayer2.transformer.ExportException.ERROR_CODE_ENCODING_FAILED, com.google.android.exoplayer2.transformer.ExportException.ERROR_CODE_ENCODING_FORMAT_UNSUPPORTED, com.google.android.exoplayer2.transformer.ExportException.ERROR_CODE_VIDEO_FRAME_PROCESSING_FAILED, com.google.android.exoplayer2.transformer.ExportException.ERROR_CODE_AUDIO_PROCESSING_FAILED, com.google.android.exoplayer2.transformer.ExportException.ERROR_CODE_MUXING_FAILED, com.google.android.exoplayer2.transformer.ExportException.ERROR_CODE_MUXING_TIMEOUT}" />
    </annotation>
  </item>
  <item name="com.google.android.exoplayer2.transformer.ExportException.ErrorCode">
    <annotation name="androidx.annotation.IntDef">
      <val name="open" val="true" />
      <val name="value" val="{com.google.android.exoplayer2.transformer.ExportException.ERROR_CODE_UNSPECIFIED, com.google.android.exoplayer2.transformer.ExportException.ERROR_CODE_FAILED_RUNTIME_CHECK, com.google.android.exoplayer2.transformer.ExportException.ERROR_CODE_IO_UNSPECIFIED, com.google.android.exoplayer2.transformer.ExportException.ERROR_CODE_IO_NETWORK_CONNECTION_FAILED, com.google.android.exoplayer2.transformer.ExportException.ERROR_CODE_IO_NETWORK_CONNECTION_TIMEOUT, com.google.android.exoplayer2.transformer.ExportException.ERROR_CODE_IO_INVALID_HTTP_CONTENT_TYPE, com.google.android.exoplayer2.transformer.ExportException.ERROR_CODE_IO_BAD_HTTP_STATUS, com.google.android.exoplayer2.transformer.ExportException.ERROR_CODE_IO_FILE_NOT_FOUND, com.google.android.exoplayer2.transformer.ExportException.ERROR_CODE_IO_NO_PERMISSION, com.google.android.exoplayer2.transformer.ExportException.ERROR_CODE_IO_CLEARTEXT_NOT_PERMITTED, com.google.android.exoplayer2.transformer.ExportException.ERROR_CODE_IO_READ_POSITION_OUT_OF_RANGE, com.google.android.exoplayer2.transformer.ExportException.ERROR_CODE_DECODER_INIT_FAILED, com.google.android.exoplayer2.transformer.ExportException.ERROR_CODE_DECODING_FAILED, com.google.android.exoplayer2.transformer.ExportException.ERROR_CODE_DECODING_FORMAT_UNSUPPORTED, com.google.android.exoplayer2.transformer.ExportException.ERROR_CODE_ENCODER_INIT_FAILED, com.google.android.exoplayer2.transformer.ExportException.ERROR_CODE_ENCODING_FAILED, com.google.android.exoplayer2.transformer.ExportException.ERROR_CODE_ENCODING_FORMAT_UNSUPPORTED, com.google.android.exoplayer2.transformer.ExportException.ERROR_CODE_VIDEO_FRAME_PROCESSING_FAILED, com.google.android.exoplayer2.transformer.ExportException.ERROR_CODE_AUDIO_PROCESSING_FAILED, com.google.android.exoplayer2.transformer.ExportException.ERROR_CODE_MUXING_FAILED, com.google.android.exoplayer2.transformer.ExportException.ERROR_CODE_MUXING_TIMEOUT}" />
    </annotation>
  </item>
  <item name="com.google.android.exoplayer2.transformer.ImageAssetLoader int getProgress(com.google.android.exoplayer2.transformer.ProgressHolder)">
    <annotation name="androidx.annotation.IntDef">
      <val name="value" val="{com.google.android.exoplayer2.transformer.Transformer.PROGRESS_STATE_NOT_STARTED, com.google.android.exoplayer2.transformer.Transformer.PROGRESS_STATE_WAITING_FOR_AVAILABILITY, com.google.android.exoplayer2.transformer.Transformer.PROGRESS_STATE_AVAILABLE, com.google.android.exoplayer2.transformer.Transformer.PROGRESS_STATE_UNAVAILABLE}" />
    </annotation>
  </item>
  <item name="com.google.android.exoplayer2.transformer.ImageAssetLoader progressState">
    <annotation name="androidx.annotation.IntDef">
      <val name="value" val="{com.google.android.exoplayer2.transformer.Transformer.PROGRESS_STATE_NOT_STARTED, com.google.android.exoplayer2.transformer.Transformer.PROGRESS_STATE_WAITING_FOR_AVAILABILITY, com.google.android.exoplayer2.transformer.Transformer.PROGRESS_STATE_AVAILABLE, com.google.android.exoplayer2.transformer.Transformer.PROGRESS_STATE_UNAVAILABLE}" />
    </annotation>
  </item>
  <item name="com.google.android.exoplayer2.transformer.SequenceAssetLoader boolean onTrackAdded(com.google.android.exoplayer2.Format, int) 1">
    <annotation name="androidx.annotation.IntDef">
      <val name="flag" val="true" />
      <val name="value" val="{com.google.android.exoplayer2.transformer.AssetLoader.SUPPORTED_OUTPUT_TYPE_ENCODED, com.google.android.exoplayer2.transformer.AssetLoader.SUPPORTED_OUTPUT_TYPE_DECODED}" />
    </annotation>
  </item>
  <item name="com.google.android.exoplayer2.transformer.SequenceAssetLoader int getProgress(com.google.android.exoplayer2.transformer.ProgressHolder)">
    <annotation name="androidx.annotation.IntDef">
      <val name="value" val="{com.google.android.exoplayer2.transformer.Transformer.PROGRESS_STATE_NOT_STARTED, com.google.android.exoplayer2.transformer.Transformer.PROGRESS_STATE_WAITING_FOR_AVAILABILITY, com.google.android.exoplayer2.transformer.Transformer.PROGRESS_STATE_AVAILABLE, com.google.android.exoplayer2.transformer.Transformer.PROGRESS_STATE_UNAVAILABLE}" />
    </annotation>
  </item>
  <item name="com.google.android.exoplayer2.transformer.TextureAssetLoader int getProgress(com.google.android.exoplayer2.transformer.ProgressHolder)">
    <annotation name="androidx.annotation.IntDef">
      <val name="value" val="{com.google.android.exoplayer2.transformer.Transformer.PROGRESS_STATE_NOT_STARTED, com.google.android.exoplayer2.transformer.Transformer.PROGRESS_STATE_WAITING_FOR_AVAILABILITY, com.google.android.exoplayer2.transformer.Transformer.PROGRESS_STATE_AVAILABLE, com.google.android.exoplayer2.transformer.Transformer.PROGRESS_STATE_UNAVAILABLE}" />
    </annotation>
  </item>
  <item name="com.google.android.exoplayer2.transformer.TextureAssetLoader progressState">
    <annotation name="androidx.annotation.IntDef">
      <val name="value" val="{com.google.android.exoplayer2.transformer.Transformer.PROGRESS_STATE_NOT_STARTED, com.google.android.exoplayer2.transformer.Transformer.PROGRESS_STATE_WAITING_FOR_AVAILABILITY, com.google.android.exoplayer2.transformer.Transformer.PROGRESS_STATE_AVAILABLE, com.google.android.exoplayer2.transformer.Transformer.PROGRESS_STATE_UNAVAILABLE}" />
    </annotation>
  </item>
  <item name="com.google.android.exoplayer2.transformer.TransformationException TransformationException(java.lang.String, java.lang.Throwable, int) 2">
    <annotation name="androidx.annotation.IntDef">
      <val name="open" val="true" />
      <val name="value" val="{com.google.android.exoplayer2.transformer.TransformationException.ERROR_CODE_UNSPECIFIED, com.google.android.exoplayer2.transformer.TransformationException.ERROR_CODE_FAILED_RUNTIME_CHECK, com.google.android.exoplayer2.transformer.TransformationException.ERROR_CODE_IO_UNSPECIFIED, com.google.android.exoplayer2.transformer.TransformationException.ERROR_CODE_IO_NETWORK_CONNECTION_FAILED, com.google.android.exoplayer2.transformer.TransformationException.ERROR_CODE_IO_NETWORK_CONNECTION_TIMEOUT, com.google.android.exoplayer2.transformer.TransformationException.ERROR_CODE_IO_INVALID_HTTP_CONTENT_TYPE, com.google.android.exoplayer2.transformer.TransformationException.ERROR_CODE_IO_BAD_HTTP_STATUS, com.google.android.exoplayer2.transformer.TransformationException.ERROR_CODE_IO_FILE_NOT_FOUND, com.google.android.exoplayer2.transformer.TransformationException.ERROR_CODE_IO_NO_PERMISSION, com.google.android.exoplayer2.transformer.TransformationException.ERROR_CODE_IO_CLEARTEXT_NOT_PERMITTED, com.google.android.exoplayer2.transformer.TransformationException.ERROR_CODE_IO_READ_POSITION_OUT_OF_RANGE, com.google.android.exoplayer2.transformer.TransformationException.ERROR_CODE_DECODER_INIT_FAILED, com.google.android.exoplayer2.transformer.TransformationException.ERROR_CODE_DECODING_FAILED, com.google.android.exoplayer2.transformer.TransformationException.ERROR_CODE_DECODING_FORMAT_UNSUPPORTED, com.google.android.exoplayer2.transformer.TransformationException.ERROR_CODE_ENCODER_INIT_FAILED, com.google.android.exoplayer2.transformer.TransformationException.ERROR_CODE_ENCODING_FAILED, com.google.android.exoplayer2.transformer.TransformationException.ERROR_CODE_ENCODING_FORMAT_UNSUPPORTED, com.google.android.exoplayer2.transformer.TransformationException.ERROR_CODE_VIDEO_FRAME_PROCESSING_FAILED, com.google.android.exoplayer2.transformer.TransformationException.ERROR_CODE_AUDIO_PROCESSING_FAILED, com.google.android.exoplayer2.transformer.TransformationException.ERROR_CODE_MUXING_FAILED}" />
    </annotation>
  </item>
  <item name="com.google.android.exoplayer2.transformer.TransformationException com.google.android.exoplayer2.transformer.TransformationException createForCodec(java.lang.Throwable, int, boolean, boolean, com.google.android.exoplayer2.Format) 1">
    <annotation name="androidx.annotation.IntDef">
      <val name="open" val="true" />
      <val name="value" val="{com.google.android.exoplayer2.transformer.TransformationException.ERROR_CODE_UNSPECIFIED, com.google.android.exoplayer2.transformer.TransformationException.ERROR_CODE_FAILED_RUNTIME_CHECK, com.google.android.exoplayer2.transformer.TransformationException.ERROR_CODE_IO_UNSPECIFIED, com.google.android.exoplayer2.transformer.TransformationException.ERROR_CODE_IO_NETWORK_CONNECTION_FAILED, com.google.android.exoplayer2.transformer.TransformationException.ERROR_CODE_IO_NETWORK_CONNECTION_TIMEOUT, com.google.android.exoplayer2.transformer.TransformationException.ERROR_CODE_IO_INVALID_HTTP_CONTENT_TYPE, com.google.android.exoplayer2.transformer.TransformationException.ERROR_CODE_IO_BAD_HTTP_STATUS, com.google.android.exoplayer2.transformer.TransformationException.ERROR_CODE_IO_FILE_NOT_FOUND, com.google.android.exoplayer2.transformer.TransformationException.ERROR_CODE_IO_NO_PERMISSION, com.google.android.exoplayer2.transformer.TransformationException.ERROR_CODE_IO_CLEARTEXT_NOT_PERMITTED, com.google.android.exoplayer2.transformer.TransformationException.ERROR_CODE_IO_READ_POSITION_OUT_OF_RANGE, com.google.android.exoplayer2.transformer.TransformationException.ERROR_CODE_DECODER_INIT_FAILED, com.google.android.exoplayer2.transformer.TransformationException.ERROR_CODE_DECODING_FAILED, com.google.android.exoplayer2.transformer.TransformationException.ERROR_CODE_DECODING_FORMAT_UNSUPPORTED, com.google.android.exoplayer2.transformer.TransformationException.ERROR_CODE_ENCODER_INIT_FAILED, com.google.android.exoplayer2.transformer.TransformationException.ERROR_CODE_ENCODING_FAILED, com.google.android.exoplayer2.transformer.TransformationException.ERROR_CODE_ENCODING_FORMAT_UNSUPPORTED, com.google.android.exoplayer2.transformer.TransformationException.ERROR_CODE_VIDEO_FRAME_PROCESSING_FAILED, com.google.android.exoplayer2.transformer.TransformationException.ERROR_CODE_AUDIO_PROCESSING_FAILED, com.google.android.exoplayer2.transformer.TransformationException.ERROR_CODE_MUXING_FAILED}" />
    </annotation>
  </item>
  <item name="com.google.android.exoplayer2.transformer.TransformationException com.google.android.exoplayer2.transformer.TransformationException createForCodec(java.lang.Throwable, int, boolean, boolean, java.lang.String) 1">
    <annotation name="androidx.annotation.IntDef">
      <val name="open" val="true" />
      <val name="value" val="{com.google.android.exoplayer2.transformer.TransformationException.ERROR_CODE_UNSPECIFIED, com.google.android.exoplayer2.transformer.TransformationException.ERROR_CODE_FAILED_RUNTIME_CHECK, com.google.android.exoplayer2.transformer.TransformationException.ERROR_CODE_IO_UNSPECIFIED, com.google.android.exoplayer2.transformer.TransformationException.ERROR_CODE_IO_NETWORK_CONNECTION_FAILED, com.google.android.exoplayer2.transformer.TransformationException.ERROR_CODE_IO_NETWORK_CONNECTION_TIMEOUT, com.google.android.exoplayer2.transformer.TransformationException.ERROR_CODE_IO_INVALID_HTTP_CONTENT_TYPE, com.google.android.exoplayer2.transformer.TransformationException.ERROR_CODE_IO_BAD_HTTP_STATUS, com.google.android.exoplayer2.transformer.TransformationException.ERROR_CODE_IO_FILE_NOT_FOUND, com.google.android.exoplayer2.transformer.TransformationException.ERROR_CODE_IO_NO_PERMISSION, com.google.android.exoplayer2.transformer.TransformationException.ERROR_CODE_IO_CLEARTEXT_NOT_PERMITTED, com.google.android.exoplayer2.transformer.TransformationException.ERROR_CODE_IO_READ_POSITION_OUT_OF_RANGE, com.google.android.exoplayer2.transformer.TransformationException.ERROR_CODE_DECODER_INIT_FAILED, com.google.android.exoplayer2.transformer.TransformationException.ERROR_CODE_DECODING_FAILED, com.google.android.exoplayer2.transformer.TransformationException.ERROR_CODE_DECODING_FORMAT_UNSUPPORTED, com.google.android.exoplayer2.transformer.TransformationException.ERROR_CODE_ENCODER_INIT_FAILED, com.google.android.exoplayer2.transformer.TransformationException.ERROR_CODE_ENCODING_FAILED, com.google.android.exoplayer2.transformer.TransformationException.ERROR_CODE_ENCODING_FORMAT_UNSUPPORTED, com.google.android.exoplayer2.transformer.TransformationException.ERROR_CODE_VIDEO_FRAME_PROCESSING_FAILED, com.google.android.exoplayer2.transformer.TransformationException.ERROR_CODE_AUDIO_PROCESSING_FAILED, com.google.android.exoplayer2.transformer.TransformationException.ERROR_CODE_MUXING_FAILED}" />
    </annotation>
  </item>
  <item name="com.google.android.exoplayer2.transformer.TransformationException errorCode">
    <annotation name="androidx.annotation.IntDef">
      <val name="open" val="true" />
      <val name="value" val="{com.google.android.exoplayer2.transformer.TransformationException.ERROR_CODE_UNSPECIFIED, com.google.android.exoplayer2.transformer.TransformationException.ERROR_CODE_FAILED_RUNTIME_CHECK, com.google.android.exoplayer2.transformer.TransformationException.ERROR_CODE_IO_UNSPECIFIED, com.google.android.exoplayer2.transformer.TransformationException.ERROR_CODE_IO_NETWORK_CONNECTION_FAILED, com.google.android.exoplayer2.transformer.TransformationException.ERROR_CODE_IO_NETWORK_CONNECTION_TIMEOUT, com.google.android.exoplayer2.transformer.TransformationException.ERROR_CODE_IO_INVALID_HTTP_CONTENT_TYPE, com.google.android.exoplayer2.transformer.TransformationException.ERROR_CODE_IO_BAD_HTTP_STATUS, com.google.android.exoplayer2.transformer.TransformationException.ERROR_CODE_IO_FILE_NOT_FOUND, com.google.android.exoplayer2.transformer.TransformationException.ERROR_CODE_IO_NO_PERMISSION, com.google.android.exoplayer2.transformer.TransformationException.ERROR_CODE_IO_CLEARTEXT_NOT_PERMITTED, com.google.android.exoplayer2.transformer.TransformationException.ERROR_CODE_IO_READ_POSITION_OUT_OF_RANGE, com.google.android.exoplayer2.transformer.TransformationException.ERROR_CODE_DECODER_INIT_FAILED, com.google.android.exoplayer2.transformer.TransformationException.ERROR_CODE_DECODING_FAILED, com.google.android.exoplayer2.transformer.TransformationException.ERROR_CODE_DECODING_FORMAT_UNSUPPORTED, com.google.android.exoplayer2.transformer.TransformationException.ERROR_CODE_ENCODER_INIT_FAILED, com.google.android.exoplayer2.transformer.TransformationException.ERROR_CODE_ENCODING_FAILED, com.google.android.exoplayer2.transformer.TransformationException.ERROR_CODE_ENCODING_FORMAT_UNSUPPORTED, com.google.android.exoplayer2.transformer.TransformationException.ERROR_CODE_VIDEO_FRAME_PROCESSING_FAILED, com.google.android.exoplayer2.transformer.TransformationException.ERROR_CODE_AUDIO_PROCESSING_FAILED, com.google.android.exoplayer2.transformer.TransformationException.ERROR_CODE_MUXING_FAILED}" />
    </annotation>
  </item>
  <item name="com.google.android.exoplayer2.transformer.TransformationException java.lang.String getErrorCodeName(int) 0">
    <annotation name="androidx.annotation.IntDef">
      <val name="open" val="true" />
      <val name="value" val="{com.google.android.exoplayer2.transformer.TransformationException.ERROR_CODE_UNSPECIFIED, com.google.android.exoplayer2.transformer.TransformationException.ERROR_CODE_FAILED_RUNTIME_CHECK, com.google.android.exoplayer2.transformer.TransformationException.ERROR_CODE_IO_UNSPECIFIED, com.google.android.exoplayer2.transformer.TransformationException.ERROR_CODE_IO_NETWORK_CONNECTION_FAILED, com.google.android.exoplayer2.transformer.TransformationException.ERROR_CODE_IO_NETWORK_CONNECTION_TIMEOUT, com.google.android.exoplayer2.transformer.TransformationException.ERROR_CODE_IO_INVALID_HTTP_CONTENT_TYPE, com.google.android.exoplayer2.transformer.TransformationException.ERROR_CODE_IO_BAD_HTTP_STATUS, com.google.android.exoplayer2.transformer.TransformationException.ERROR_CODE_IO_FILE_NOT_FOUND, com.google.android.exoplayer2.transformer.TransformationException.ERROR_CODE_IO_NO_PERMISSION, com.google.android.exoplayer2.transformer.TransformationException.ERROR_CODE_IO_CLEARTEXT_NOT_PERMITTED, com.google.android.exoplayer2.transformer.TransformationException.ERROR_CODE_IO_READ_POSITION_OUT_OF_RANGE, com.google.android.exoplayer2.transformer.TransformationException.ERROR_CODE_DECODER_INIT_FAILED, com.google.android.exoplayer2.transformer.TransformationException.ERROR_CODE_DECODING_FAILED, com.google.android.exoplayer2.transformer.TransformationException.ERROR_CODE_DECODING_FORMAT_UNSUPPORTED, com.google.android.exoplayer2.transformer.TransformationException.ERROR_CODE_ENCODER_INIT_FAILED, com.google.android.exoplayer2.transformer.TransformationException.ERROR_CODE_ENCODING_FAILED, com.google.android.exoplayer2.transformer.TransformationException.ERROR_CODE_ENCODING_FORMAT_UNSUPPORTED, com.google.android.exoplayer2.transformer.TransformationException.ERROR_CODE_VIDEO_FRAME_PROCESSING_FAILED, com.google.android.exoplayer2.transformer.TransformationException.ERROR_CODE_AUDIO_PROCESSING_FAILED, com.google.android.exoplayer2.transformer.TransformationException.ERROR_CODE_MUXING_FAILED}" />
    </annotation>
  </item>
  <item name="com.google.android.exoplayer2.transformer.TransformationException.ErrorCode">
    <annotation name="androidx.annotation.IntDef">
      <val name="open" val="true" />
      <val name="value" val="{com.google.android.exoplayer2.transformer.TransformationException.ERROR_CODE_UNSPECIFIED, com.google.android.exoplayer2.transformer.TransformationException.ERROR_CODE_FAILED_RUNTIME_CHECK, com.google.android.exoplayer2.transformer.TransformationException.ERROR_CODE_IO_UNSPECIFIED, com.google.android.exoplayer2.transformer.TransformationException.ERROR_CODE_IO_NETWORK_CONNECTION_FAILED, com.google.android.exoplayer2.transformer.TransformationException.ERROR_CODE_IO_NETWORK_CONNECTION_TIMEOUT, com.google.android.exoplayer2.transformer.TransformationException.ERROR_CODE_IO_INVALID_HTTP_CONTENT_TYPE, com.google.android.exoplayer2.transformer.TransformationException.ERROR_CODE_IO_BAD_HTTP_STATUS, com.google.android.exoplayer2.transformer.TransformationException.ERROR_CODE_IO_FILE_NOT_FOUND, com.google.android.exoplayer2.transformer.TransformationException.ERROR_CODE_IO_NO_PERMISSION, com.google.android.exoplayer2.transformer.TransformationException.ERROR_CODE_IO_CLEARTEXT_NOT_PERMITTED, com.google.android.exoplayer2.transformer.TransformationException.ERROR_CODE_IO_READ_POSITION_OUT_OF_RANGE, com.google.android.exoplayer2.transformer.TransformationException.ERROR_CODE_DECODER_INIT_FAILED, com.google.android.exoplayer2.transformer.TransformationException.ERROR_CODE_DECODING_FAILED, com.google.android.exoplayer2.transformer.TransformationException.ERROR_CODE_DECODING_FORMAT_UNSUPPORTED, com.google.android.exoplayer2.transformer.TransformationException.ERROR_CODE_ENCODER_INIT_FAILED, com.google.android.exoplayer2.transformer.TransformationException.ERROR_CODE_ENCODING_FAILED, com.google.android.exoplayer2.transformer.TransformationException.ERROR_CODE_ENCODING_FORMAT_UNSUPPORTED, com.google.android.exoplayer2.transformer.TransformationException.ERROR_CODE_VIDEO_FRAME_PROCESSING_FAILED, com.google.android.exoplayer2.transformer.TransformationException.ERROR_CODE_AUDIO_PROCESSING_FAILED, com.google.android.exoplayer2.transformer.TransformationException.ERROR_CODE_MUXING_FAILED}" />
    </annotation>
  </item>
  <item name="com.google.android.exoplayer2.transformer.TransformationRequest TransformationRequest(int, java.lang.String, java.lang.String, int) 3">
    <annotation name="androidx.annotation.IntDef">
      <val name="value" val="{com.google.android.exoplayer2.transformer.TransformationRequest.HDR_MODE_KEEP_HDR, com.google.android.exoplayer2.transformer.TransformationRequest.HDR_MODE_TONE_MAP_HDR_TO_SDR_USING_MEDIACODEC, com.google.android.exoplayer2.transformer.TransformationRequest.HDR_MODE_TONE_MAP_HDR_TO_SDR_USING_OPEN_GL, com.google.android.exoplayer2.transformer.TransformationRequest.HDR_MODE_EXPERIMENTAL_FORCE_INTERPRET_HDR_AS_SDR}" />
    </annotation>
  </item>
  <item name="com.google.android.exoplayer2.transformer.TransformationRequest hdrMode">
    <annotation name="androidx.annotation.IntDef">
      <val name="value" val="{com.google.android.exoplayer2.transformer.TransformationRequest.HDR_MODE_KEEP_HDR, com.google.android.exoplayer2.transformer.TransformationRequest.HDR_MODE_TONE_MAP_HDR_TO_SDR_USING_MEDIACODEC, com.google.android.exoplayer2.transformer.TransformationRequest.HDR_MODE_TONE_MAP_HDR_TO_SDR_USING_OPEN_GL, com.google.android.exoplayer2.transformer.TransformationRequest.HDR_MODE_EXPERIMENTAL_FORCE_INTERPRET_HDR_AS_SDR}" />
    </annotation>
  </item>
  <item name="com.google.android.exoplayer2.transformer.TransformationRequest.Builder com.google.android.exoplayer2.transformer.TransformationRequest.Builder setHdrMode(int) 0">
    <annotation name="androidx.annotation.IntDef">
      <val name="value" val="{com.google.android.exoplayer2.transformer.TransformationRequest.HDR_MODE_KEEP_HDR, com.google.android.exoplayer2.transformer.TransformationRequest.HDR_MODE_TONE_MAP_HDR_TO_SDR_USING_MEDIACODEC, com.google.android.exoplayer2.transformer.TransformationRequest.HDR_MODE_TONE_MAP_HDR_TO_SDR_USING_OPEN_GL, com.google.android.exoplayer2.transformer.TransformationRequest.HDR_MODE_EXPERIMENTAL_FORCE_INTERPRET_HDR_AS_SDR}" />
    </annotation>
  </item>
  <item name="com.google.android.exoplayer2.transformer.TransformationRequest.Builder hdrMode">
    <annotation name="androidx.annotation.IntDef">
      <val name="value" val="{com.google.android.exoplayer2.transformer.TransformationRequest.HDR_MODE_KEEP_HDR, com.google.android.exoplayer2.transformer.TransformationRequest.HDR_MODE_TONE_MAP_HDR_TO_SDR_USING_MEDIACODEC, com.google.android.exoplayer2.transformer.TransformationRequest.HDR_MODE_TONE_MAP_HDR_TO_SDR_USING_OPEN_GL, com.google.android.exoplayer2.transformer.TransformationRequest.HDR_MODE_EXPERIMENTAL_FORCE_INTERPRET_HDR_AS_SDR}" />
    </annotation>
  </item>
  <item name="com.google.android.exoplayer2.transformer.TransformationRequest.HdrMode">
    <annotation name="androidx.annotation.IntDef">
      <val name="value" val="{com.google.android.exoplayer2.transformer.TransformationRequest.HDR_MODE_KEEP_HDR, com.google.android.exoplayer2.transformer.TransformationRequest.HDR_MODE_TONE_MAP_HDR_TO_SDR_USING_MEDIACODEC, com.google.android.exoplayer2.transformer.TransformationRequest.HDR_MODE_TONE_MAP_HDR_TO_SDR_USING_OPEN_GL, com.google.android.exoplayer2.transformer.TransformationRequest.HDR_MODE_EXPERIMENTAL_FORCE_INTERPRET_HDR_AS_SDR}" />
    </annotation>
  </item>
  <item name="com.google.android.exoplayer2.transformer.Transformer int getProgress(com.google.android.exoplayer2.transformer.ProgressHolder)">
    <annotation name="androidx.annotation.IntDef">
      <val name="value" val="{com.google.android.exoplayer2.transformer.Transformer.PROGRESS_STATE_NOT_STARTED, com.google.android.exoplayer2.transformer.Transformer.PROGRESS_STATE_WAITING_FOR_AVAILABILITY, com.google.android.exoplayer2.transformer.Transformer.PROGRESS_STATE_AVAILABLE, com.google.android.exoplayer2.transformer.Transformer.PROGRESS_STATE_UNAVAILABLE}" />
    </annotation>
  </item>
  <item name="com.google.android.exoplayer2.transformer.Transformer.ProgressState">
    <annotation name="androidx.annotation.IntDef">
      <val name="value" val="{com.google.android.exoplayer2.transformer.Transformer.PROGRESS_STATE_NOT_STARTED, com.google.android.exoplayer2.transformer.Transformer.PROGRESS_STATE_WAITING_FOR_AVAILABILITY, com.google.android.exoplayer2.transformer.Transformer.PROGRESS_STATE_AVAILABLE, com.google.android.exoplayer2.transformer.Transformer.PROGRESS_STATE_UNAVAILABLE}" />
    </annotation>
  </item>
  <item name="com.google.android.exoplayer2.transformer.TransformerInternal int getProgress(com.google.android.exoplayer2.transformer.ProgressHolder)">
    <annotation name="androidx.annotation.IntDef">
      <val name="value" val="{com.google.android.exoplayer2.transformer.Transformer.PROGRESS_STATE_NOT_STARTED, com.google.android.exoplayer2.transformer.Transformer.PROGRESS_STATE_WAITING_FOR_AVAILABILITY, com.google.android.exoplayer2.transformer.Transformer.PROGRESS_STATE_AVAILABLE, com.google.android.exoplayer2.transformer.Transformer.PROGRESS_STATE_UNAVAILABLE}" />
    </annotation>
  </item>
  <item name="com.google.android.exoplayer2.transformer.TransformerInternal progressState">
    <annotation name="androidx.annotation.IntDef">
      <val name="value" val="{com.google.android.exoplayer2.transformer.Transformer.PROGRESS_STATE_NOT_STARTED, com.google.android.exoplayer2.transformer.Transformer.PROGRESS_STATE_WAITING_FOR_AVAILABILITY, com.google.android.exoplayer2.transformer.Transformer.PROGRESS_STATE_AVAILABLE, com.google.android.exoplayer2.transformer.Transformer.PROGRESS_STATE_UNAVAILABLE}" />
    </annotation>
  </item>
  <item name="com.google.android.exoplayer2.transformer.TransformerInternal void endInternal(int, com.google.android.exoplayer2.transformer.ExportException) 0">
    <annotation name="androidx.annotation.IntDef">
      <val name="value" val="{com.google.android.exoplayer2.transformer.TransformerInternal.END_REASON_COMPLETED, com.google.android.exoplayer2.transformer.TransformerInternal.END_REASON_CANCELLED, com.google.android.exoplayer2.transformer.TransformerInternal.END_REASON_ERROR}" />
    </annotation>
  </item>
  <item name="com.google.android.exoplayer2.transformer.TransformerInternal.SequenceAssetLoaderListener boolean onTrackAdded(com.google.android.exoplayer2.Format, int) 1">
    <annotation name="androidx.annotation.IntDef">
      <val name="flag" val="true" />
      <val name="value" val="{com.google.android.exoplayer2.transformer.AssetLoader.SUPPORTED_OUTPUT_TYPE_ENCODED, com.google.android.exoplayer2.transformer.AssetLoader.SUPPORTED_OUTPUT_TYPE_DECODED}" />
    </annotation>
  </item>
  <item name="com.google.android.exoplayer2.transformer.TransformerInternal.SequenceAssetLoaderListener.AddedTrackInfo AddedTrackInfo(com.google.android.exoplayer2.Format, int) 1">
    <annotation name="androidx.annotation.IntDef">
      <val name="flag" val="true" />
      <val name="value" val="{com.google.android.exoplayer2.transformer.AssetLoader.SUPPORTED_OUTPUT_TYPE_ENCODED, com.google.android.exoplayer2.transformer.AssetLoader.SUPPORTED_OUTPUT_TYPE_DECODED}" />
    </annotation>
  </item>
  <item name="com.google.android.exoplayer2.transformer.TransformerInternal.SequenceAssetLoaderListener.AddedTrackInfo boolean shouldTranscode(com.google.android.exoplayer2.Format, int) 1">
    <annotation name="androidx.annotation.IntDef">
      <val name="flag" val="true" />
      <val name="value" val="{com.google.android.exoplayer2.transformer.AssetLoader.SUPPORTED_OUTPUT_TYPE_ENCODED, com.google.android.exoplayer2.transformer.AssetLoader.SUPPORTED_OUTPUT_TYPE_DECODED}" />
    </annotation>
  </item>
  <item name="com.google.android.exoplayer2.transformer.VideoEncoderSettings bitrateMode">
    <annotation name="androidx.annotation.IntDef">
      <val name="value" val="{android.media.MediaCodecInfo.EncoderCapabilities.BITRATE_MODE_VBR, android.media.MediaCodecInfo.EncoderCapabilities.BITRATE_MODE_CBR}" />
    </annotation>
  </item>
  <item name="com.google.android.exoplayer2.transformer.VideoEncoderSettings.BitrateMode">
    <annotation name="androidx.annotation.IntDef">
      <val name="value" val="{android.media.MediaCodecInfo.EncoderCapabilities.BITRATE_MODE_VBR, android.media.MediaCodecInfo.EncoderCapabilities.BITRATE_MODE_CBR}" />
    </annotation>
  </item>
  <item name="com.google.android.exoplayer2.transformer.VideoEncoderSettings.Builder bitrateMode">
    <annotation name="androidx.annotation.IntDef">
      <val name="value" val="{android.media.MediaCodecInfo.EncoderCapabilities.BITRATE_MODE_VBR, android.media.MediaCodecInfo.EncoderCapabilities.BITRATE_MODE_CBR}" />
    </annotation>
  </item>
  <item name="com.google.android.exoplayer2.transformer.VideoEncoderSettings.Builder com.google.android.exoplayer2.transformer.VideoEncoderSettings.Builder setBitrateMode(int) 0">
    <annotation name="androidx.annotation.IntDef">
      <val name="value" val="{android.media.MediaCodecInfo.EncoderCapabilities.BITRATE_MODE_VBR, android.media.MediaCodecInfo.EncoderCapabilities.BITRATE_MODE_CBR}" />
    </annotation>
  </item>
  <item name="com.google.android.exoplayer2.transformer.VideoSamplePipeline.EncoderWrapper com.google.android.exoplayer2.transformer.TransformationRequest createSupportedTransformationRequest(com.google.android.exoplayer2.transformer.TransformationRequest, boolean, com.google.android.exoplayer2.Format, com.google.android.exoplayer2.Format, int) 4">
    <annotation name="androidx.annotation.IntDef">
      <val name="value" val="{com.google.android.exoplayer2.transformer.TransformationRequest.HDR_MODE_KEEP_HDR, com.google.android.exoplayer2.transformer.TransformationRequest.HDR_MODE_TONE_MAP_HDR_TO_SDR_USING_MEDIACODEC, com.google.android.exoplayer2.transformer.TransformationRequest.HDR_MODE_TONE_MAP_HDR_TO_SDR_USING_OPEN_GL, com.google.android.exoplayer2.transformer.TransformationRequest.HDR_MODE_EXPERIMENTAL_FORCE_INTERPRET_HDR_AS_SDR}" />
    </annotation>
  </item>
  <item name="com.google.android.exoplayer2.transformer.VideoSamplePipeline.EncoderWrapper hdrModeAfterFallback">
    <annotation name="androidx.annotation.IntDef">
      <val name="value" val="{com.google.android.exoplayer2.transformer.TransformationRequest.HDR_MODE_KEEP_HDR, com.google.android.exoplayer2.transformer.TransformationRequest.HDR_MODE_TONE_MAP_HDR_TO_SDR_USING_MEDIACODEC, com.google.android.exoplayer2.transformer.TransformationRequest.HDR_MODE_TONE_MAP_HDR_TO_SDR_USING_OPEN_GL, com.google.android.exoplayer2.transformer.TransformationRequest.HDR_MODE_EXPERIMENTAL_FORCE_INTERPRET_HDR_AS_SDR}" />
    </annotation>
  </item>
  <item name="com.google.android.exoplayer2.transformer.VideoSamplePipeline.EncoderWrapper int getHdrModeAfterFallback()">
    <annotation name="androidx.annotation.IntDef">
      <val name="value" val="{com.google.android.exoplayer2.transformer.TransformationRequest.HDR_MODE_KEEP_HDR, com.google.android.exoplayer2.transformer.TransformationRequest.HDR_MODE_TONE_MAP_HDR_TO_SDR_USING_MEDIACODEC, com.google.android.exoplayer2.transformer.TransformationRequest.HDR_MODE_TONE_MAP_HDR_TO_SDR_USING_OPEN_GL, com.google.android.exoplayer2.transformer.TransformationRequest.HDR_MODE_EXPERIMENTAL_FORCE_INTERPRET_HDR_AS_SDR}" />
    </annotation>
  </item>
</root>

