<?xml version="1.0" encoding="UTF-8"?>
<root>
  <item name="com.google.android.exoplayer2.video.ColorInfo ColorInfo(int, int, int, byte[]) 0">
    <annotation name="androidx.annotation.IntDef">
      <val name="value" val="{com.google.android.exoplayer2.Format.NO_VALUE, com.google.android.exoplayer2.C.COLOR_SPACE_BT601, com.google.android.exoplayer2.C.COLOR_SPACE_BT709, com.google.android.exoplayer2.C.COLOR_SPACE_BT2020}" />
    </annotation>
  </item>
  <item name="com.google.android.exoplayer2.video.ColorInfo ColorInfo(int, int, int, byte[]) 1">
    <annotation name="androidx.annotation.IntDef">
      <val name="value" val="{com.google.android.exoplayer2.Format.NO_VALUE, com.google.android.exoplayer2.C.COLOR_RANGE_LIMITED, com.google.android.exoplayer2.C.COLOR_RANGE_FULL}" />
    </annotation>
  </item>
  <item name="com.google.android.exoplayer2.video.ColorInfo ColorInfo(int, int, int, byte[]) 2">
    <annotation name="androidx.annotation.IntDef">
      <val name="value" val="{com.google.android.exoplayer2.Format.NO_VALUE, com.google.android.exoplayer2.C.COLOR_TRANSFER_LINEAR, com.google.android.exoplayer2.C.COLOR_TRANSFER_SDR, com.google.android.exoplayer2.C.COLOR_TRANSFER_SRGB, com.google.android.exoplayer2.C.COLOR_TRANSFER_GAMMA_2_2, com.google.android.exoplayer2.C.COLOR_TRANSFER_ST2084, com.google.android.exoplayer2.C.COLOR_TRANSFER_HLG}" />
    </annotation>
  </item>
  <item name="com.google.android.exoplayer2.video.ColorInfo colorRange">
    <annotation name="androidx.annotation.IntDef">
      <val name="value" val="{com.google.android.exoplayer2.Format.NO_VALUE, com.google.android.exoplayer2.C.COLOR_RANGE_LIMITED, com.google.android.exoplayer2.C.COLOR_RANGE_FULL}" />
    </annotation>
  </item>
  <item name="com.google.android.exoplayer2.video.ColorInfo colorSpace">
    <annotation name="androidx.annotation.IntDef">
      <val name="value" val="{com.google.android.exoplayer2.Format.NO_VALUE, com.google.android.exoplayer2.C.COLOR_SPACE_BT601, com.google.android.exoplayer2.C.COLOR_SPACE_BT709, com.google.android.exoplayer2.C.COLOR_SPACE_BT2020}" />
    </annotation>
  </item>
  <item name="com.google.android.exoplayer2.video.ColorInfo colorTransfer">
    <annotation name="androidx.annotation.IntDef">
      <val name="value" val="{com.google.android.exoplayer2.Format.NO_VALUE, com.google.android.exoplayer2.C.COLOR_TRANSFER_LINEAR, com.google.android.exoplayer2.C.COLOR_TRANSFER_SDR, com.google.android.exoplayer2.C.COLOR_TRANSFER_SRGB, com.google.android.exoplayer2.C.COLOR_TRANSFER_GAMMA_2_2, com.google.android.exoplayer2.C.COLOR_TRANSFER_ST2084, com.google.android.exoplayer2.C.COLOR_TRANSFER_HLG}" />
    </annotation>
  </item>
  <item name="com.google.android.exoplayer2.video.ColorInfo int isoColorPrimariesToColorSpace(int)">
    <annotation name="androidx.annotation.IntDef">
      <val name="value" val="{com.google.android.exoplayer2.Format.NO_VALUE, com.google.android.exoplayer2.C.COLOR_SPACE_BT601, com.google.android.exoplayer2.C.COLOR_SPACE_BT709, com.google.android.exoplayer2.C.COLOR_SPACE_BT2020}" />
    </annotation>
  </item>
  <item name="com.google.android.exoplayer2.video.ColorInfo int isoTransferCharacteristicsToColorTransfer(int)">
    <annotation name="androidx.annotation.IntDef">
      <val name="value" val="{com.google.android.exoplayer2.Format.NO_VALUE, com.google.android.exoplayer2.C.COLOR_TRANSFER_LINEAR, com.google.android.exoplayer2.C.COLOR_TRANSFER_SDR, com.google.android.exoplayer2.C.COLOR_TRANSFER_SRGB, com.google.android.exoplayer2.C.COLOR_TRANSFER_GAMMA_2_2, com.google.android.exoplayer2.C.COLOR_TRANSFER_ST2084, com.google.android.exoplayer2.C.COLOR_TRANSFER_HLG}" />
    </annotation>
  </item>
  <item name="com.google.android.exoplayer2.video.ColorInfo java.lang.String colorRangeToString(int) 0">
    <annotation name="androidx.annotation.IntDef">
      <val name="value" val="{com.google.android.exoplayer2.Format.NO_VALUE, com.google.android.exoplayer2.C.COLOR_RANGE_LIMITED, com.google.android.exoplayer2.C.COLOR_RANGE_FULL}" />
    </annotation>
  </item>
  <item name="com.google.android.exoplayer2.video.ColorInfo java.lang.String colorSpaceToString(int) 0">
    <annotation name="androidx.annotation.IntDef">
      <val name="value" val="{com.google.android.exoplayer2.Format.NO_VALUE, com.google.android.exoplayer2.C.COLOR_SPACE_BT601, com.google.android.exoplayer2.C.COLOR_SPACE_BT709, com.google.android.exoplayer2.C.COLOR_SPACE_BT2020}" />
    </annotation>
  </item>
  <item name="com.google.android.exoplayer2.video.ColorInfo java.lang.String colorTransferToString(int) 0">
    <annotation name="androidx.annotation.IntDef">
      <val name="value" val="{com.google.android.exoplayer2.Format.NO_VALUE, com.google.android.exoplayer2.C.COLOR_TRANSFER_LINEAR, com.google.android.exoplayer2.C.COLOR_TRANSFER_SDR, com.google.android.exoplayer2.C.COLOR_TRANSFER_SRGB, com.google.android.exoplayer2.C.COLOR_TRANSFER_GAMMA_2_2, com.google.android.exoplayer2.C.COLOR_TRANSFER_ST2084, com.google.android.exoplayer2.C.COLOR_TRANSFER_HLG}" />
    </annotation>
  </item>
  <item name="com.google.android.exoplayer2.video.ColorInfo.Builder colorRange">
    <annotation name="androidx.annotation.IntDef">
      <val name="value" val="{com.google.android.exoplayer2.Format.NO_VALUE, com.google.android.exoplayer2.C.COLOR_RANGE_LIMITED, com.google.android.exoplayer2.C.COLOR_RANGE_FULL}" />
    </annotation>
  </item>
  <item name="com.google.android.exoplayer2.video.ColorInfo.Builder colorSpace">
    <annotation name="androidx.annotation.IntDef">
      <val name="value" val="{com.google.android.exoplayer2.Format.NO_VALUE, com.google.android.exoplayer2.C.COLOR_SPACE_BT601, com.google.android.exoplayer2.C.COLOR_SPACE_BT709, com.google.android.exoplayer2.C.COLOR_SPACE_BT2020}" />
    </annotation>
  </item>
  <item name="com.google.android.exoplayer2.video.ColorInfo.Builder colorTransfer">
    <annotation name="androidx.annotation.IntDef">
      <val name="value" val="{com.google.android.exoplayer2.Format.NO_VALUE, com.google.android.exoplayer2.C.COLOR_TRANSFER_LINEAR, com.google.android.exoplayer2.C.COLOR_TRANSFER_SDR, com.google.android.exoplayer2.C.COLOR_TRANSFER_SRGB, com.google.android.exoplayer2.C.COLOR_TRANSFER_GAMMA_2_2, com.google.android.exoplayer2.C.COLOR_TRANSFER_ST2084, com.google.android.exoplayer2.C.COLOR_TRANSFER_HLG}" />
    </annotation>
  </item>
  <item name="com.google.android.exoplayer2.video.ColorInfo.Builder com.google.android.exoplayer2.video.ColorInfo.Builder setColorRange(int) 0">
    <annotation name="androidx.annotation.IntDef">
      <val name="value" val="{com.google.android.exoplayer2.Format.NO_VALUE, com.google.android.exoplayer2.C.COLOR_RANGE_LIMITED, com.google.android.exoplayer2.C.COLOR_RANGE_FULL}" />
    </annotation>
  </item>
  <item name="com.google.android.exoplayer2.video.ColorInfo.Builder com.google.android.exoplayer2.video.ColorInfo.Builder setColorSpace(int) 0">
    <annotation name="androidx.annotation.IntDef">
      <val name="value" val="{com.google.android.exoplayer2.Format.NO_VALUE, com.google.android.exoplayer2.C.COLOR_SPACE_BT601, com.google.android.exoplayer2.C.COLOR_SPACE_BT709, com.google.android.exoplayer2.C.COLOR_SPACE_BT2020}" />
    </annotation>
  </item>
  <item name="com.google.android.exoplayer2.video.ColorInfo.Builder com.google.android.exoplayer2.video.ColorInfo.Builder setColorTransfer(int) 0">
    <annotation name="androidx.annotation.IntDef">
      <val name="value" val="{com.google.android.exoplayer2.Format.NO_VALUE, com.google.android.exoplayer2.C.COLOR_TRANSFER_LINEAR, com.google.android.exoplayer2.C.COLOR_TRANSFER_SDR, com.google.android.exoplayer2.C.COLOR_TRANSFER_SRGB, com.google.android.exoplayer2.C.COLOR_TRANSFER_GAMMA_2_2, com.google.android.exoplayer2.C.COLOR_TRANSFER_ST2084, com.google.android.exoplayer2.C.COLOR_TRANSFER_HLG}" />
    </annotation>
  </item>
</root>

