<?xml version="1.0" encoding="UTF-8"?>
<root>
  <item name="com.google.android.exoplayer2.audio.AacUtil.AacAudioObjectType">
    <annotation name="androidx.annotation.IntDef">
      <val name="value" val="{com.google.android.exoplayer2.audio.AacUtil.AUDIO_OBJECT_TYPE_AAC_LC, com.google.android.exoplayer2.audio.AacUtil.AUDIO_OBJECT_TYPE_AAC_SBR, com.google.android.exoplayer2.audio.AacUtil.AUDIO_OBJECT_TYPE_AAC_ER_BSAC, com.google.android.exoplayer2.audio.AacUtil.AUDIO_OBJECT_TYPE_AAC_ELD, com.google.android.exoplayer2.audio.AacUtil.AUDIO_OBJECT_TYPE_AAC_PS, com.google.android.exoplayer2.audio.AacUtil.AUDIO_OBJECT_TYPE_AAC_XHE}" />
    </annotation>
  </item>
  <item name="com.google.android.exoplayer2.audio.Ac3Util.SyncFrameInfo SyncFrameInfo(java.lang.String, int, int, int, int, int, int) 1">
    <annotation name="androidx.annotation.IntDef">
      <val name="value" val="{com.google.android.exoplayer2.audio.Ac3Util.SyncFrameInfo.STREAM_TYPE_UNDEFINED, com.google.android.exoplayer2.audio.Ac3Util.SyncFrameInfo.STREAM_TYPE_TYPE0, com.google.android.exoplayer2.audio.Ac3Util.SyncFrameInfo.STREAM_TYPE_TYPE1, com.google.android.exoplayer2.audio.Ac3Util.SyncFrameInfo.STREAM_TYPE_TYPE2}" />
    </annotation>
  </item>
  <item name="com.google.android.exoplayer2.audio.Ac3Util.SyncFrameInfo streamType">
    <annotation name="androidx.annotation.IntDef">
      <val name="value" val="{com.google.android.exoplayer2.audio.Ac3Util.SyncFrameInfo.STREAM_TYPE_UNDEFINED, com.google.android.exoplayer2.audio.Ac3Util.SyncFrameInfo.STREAM_TYPE_TYPE0, com.google.android.exoplayer2.audio.Ac3Util.SyncFrameInfo.STREAM_TYPE_TYPE1, com.google.android.exoplayer2.audio.Ac3Util.SyncFrameInfo.STREAM_TYPE_TYPE2}" />
    </annotation>
  </item>
  <item name="com.google.android.exoplayer2.audio.Ac3Util.SyncFrameInfo.StreamType">
    <annotation name="androidx.annotation.IntDef">
      <val name="value" val="{com.google.android.exoplayer2.audio.Ac3Util.SyncFrameInfo.STREAM_TYPE_UNDEFINED, com.google.android.exoplayer2.audio.Ac3Util.SyncFrameInfo.STREAM_TYPE_TYPE0, com.google.android.exoplayer2.audio.Ac3Util.SyncFrameInfo.STREAM_TYPE_TYPE1, com.google.android.exoplayer2.audio.Ac3Util.SyncFrameInfo.STREAM_TYPE_TYPE2}" />
    </annotation>
  </item>
</root>

